Reference Series Turning Points,,,,,,(1 sets for a Peak and -1 sets for a Trough),,,,,,,,,,,,,,,,,,,,,,,,,,,,,,,,,,,,,,,,,,,,,
,AUS,AUT,BEL,BRA,CAN,CHE,CHL,CHN,COL,CZE,DEU,DNK,ESP,EST,FIN,FRA,GBR,GRC,HUN,IDN,IND,IRL,ISL,ISR,ITA,JPN,KOR,LUX,LTU,LVA,MEX,NLD,NOR,NZL,POL,PRT,RUS,SVK,SVN,SWE,TUR,USA,ZAF,A5M,EMU,G4E,G7M,OEU,ONM,OTO,NAT
,Australia,Austria,Belgium,Brazil,Canada,Switzerland,Chile,China,Colombia,Czech Republic,Germany,Denmark,Spain,Estonia,Finland,France,United Kingdom,Greece,Hungary,Indonesia,India,Ireland,Iceland,Israel,Italy,Japan,Korea,Luxembourg,Lithuania,Latvia,Mexico,Netherlands,Norway,New Zealand,Poland,Portugal,Russia,Slovak Republic,Slovenia,Sweden,Turkey,United States,South Africa,Major Five Asia,Euro Area,Major Four Europe,Major Seven,OECD Europe,OECD + Major 6 non member countries,OECD Total,NAFTA
01-02-47,,,,,,,,,,,,,,,,,,,,,,,,,,,,,,,,,,,,,,,,,,0,,,,,,,,,
01-03-47,,,,,,,,,,,,,,,,,,,,,,,,,,,,,,,,,,,,,,,,,,0,,,,,,,,,0
01-04-47,,,,,,,,,,,,,,,,,,,,,,,,,,,,,,,,,,,,,,,,,,0,,,,,,,,,0
01-05-47,,,,,,,,,,,,,,,,,,,,,,,,,,,,,,,,,,,,,,,,,,0,,,,,,,,,0
01-06-47,,,,,,,,,,,,,,,,,,,,,,,,,,,,,,,,,,,,,,,,,,0,,,,,,,,,0
01-07-47,,,,,,,,,,,,,,,,,,,,,,,,,,,,,,,,,,,,,,,,,,0,,,,,,,,,0
01-08-47,,,,,,,,,,,,,,,,,,,,,,,,,,,,,,,,,,,,,,,,,,0,,,,,,,,,0
01-09-47,,,,,,,,,,,,,,,,,,,,,,,,,,,,,,,,,,,,,,,,,,0,,,,,,,,,0
01-10-47,,,,,,,,,,,,,,,,,,,,,,,,,,,,,,,,,,,,,,,,,,0,,,,,,,,,0
01-11-47,,,,,,,,,,,,,,,,,,,,,,,,,,,,,,,,,,,,,,,,,,0,,,,,,,,,0
01-12-47,,,,,,,,,,,,,,,,,,,,,,,,,,,,,,,,,,,,,,,,,,0,,,,,,,,,0
01-01-48,,,,,,,,,,,,,,,,,,,,,,,,,,,,,,,,,,,,,,,,,,0,,,,,,,,,0
01-02-48,,,,,,,,,,,,,,,,,,,,,,,,,,,,,,,,,,,,,,,,,,0,,,,,,,,,0
01-03-48,,,,,,,,,,,,,,,,,,,,,,,,,,,,,,,,,,,,,,,,,,0,,,,,,,,,0
01-04-48,,,,,,,,,,,,,,,,,,,,,,,,,,,,,,,,,,,,,,,,,,0,,,,,,,,,0
01-05-48,,,,,,,,,,,,,,,,,,,,,,,,,,,,,,,,,,,,,,,,,,0,,,,,,,,,0
01-06-48,,,,,,,,,,,,,,,,,,,,,,,,,,,,,,,,,,,,,,,,,,0,,,,,,,,,0
01-07-48,,,,,,,,,,,,,,,,,,,,,,,,,,,,,,,,,,,,,,,,,,0,,,,,,,,,0
01-08-48,,,,,,,,,,,,,,,,,,,,,,,,,,,,,,,,,,,,,,,,,,0,,,,,,,,,0
01-09-48,,,,,,,,,,,,,,,,,,,,,,,,,,,,,,,,,,,,,,,,,,0,,,,,,,,,0
01-10-48,,,,,,,,,,,,,,,,,,,,,,,,,,,,,,,,,,,,,,,,,,0,,,,,,,,,0
01-11-48,,,,,,,,,,,,,,,,,,,,,,,,,,,,,,,,,,,,,,,,,,0,,,,,,,,,0
01-12-48,,,,,,,,,,,,,,,,,,,,,,,,,,,,,,,,,,,,,,,,,,0,,,,,,,,,0
01-01-49,,,,,,,,,,,,,,,,,,,,,,,,,,,,,,,,,,,,,,,,,,0,,,,,,,,,0
01-02-49,,,,,,,,,,,,,,,,,,,,,,,,,,,,,,,,,,,,,,,,,,0,,,,,,,,,0
01-03-49,,,,,,,,,,,,,,,,,,,,,,,,,,,,,,,,,,,,,,,,,,0,,,,,,,,,0
01-04-49,,,,,,,,,,,,,,,,,,,,,,,,,,,,,,,,,,,,,,,,,,0,,,,,,,,,0
01-05-49,,,,,,,,,,,,,,,,,,,,,,,,,,,,,,,,,,,,,,,,,,0,,,,,,,,,0
01-06-49,,,,,,,,,,,,,,,,,,,,,,,,,,,,,,,,,,,,,,,,,,0,,,,,,,,,0
01-07-49,,,,,,,,,,,,,,,,,,,,,,,,,,,,,,,,,,,,,,,,,,0,,,,,,,,,0
01-08-49,,,,,,,,,,,,,,,,,,,,,,,,,,,,,,,,,,,,,,,,,,0,,,,,,,,,0
01-09-49,,,,,,,,,,,,,,,,,,,,,,,,,,,,,,,,,,,,,,,,,,0,,,,,,,,,0
01-10-49,,,,,,,,,,,,,,,,,,,,,,,,,,,,,,,,,,,,,,,,,,-1,,,,,,,,,-1
01-11-49,,,,,,,,,,,,,,,,,,,,,,,,,,,,,,,,,,,,,,,,,,0,,,,,,,,,0
01-12-49,,,,,,,,,,,,,,,,,,,,,,,,,,,,,,,,,,,,,,,,,,0,,,,,,,,,0
01-01-50,,,,,,,,,,,,,,,,,,,,,,,,,,,,,,,,,,,,,,,,,,0,,,,,,,,,0
01-02-50,,,,,,,,,,,,,,,,,,,,,,,,,,,,,,,,,,,,,,,,,,0,,,,,,,,,0
01-03-50,,,,,,,,,,,,,,,,,,,,,,,,,,,,,,,,,,,,,,,,,,0,,,,,,,,,0
01-04-50,,,,,,,,,,,,,,,,,,,,,,,,,,,,,,,,,,,,,,,,,,0,,,,,,,,,0
01-05-50,,,,,,,,,,,,,,,,,,,,,,,,,,,,,,,,,,,,,,,,,,0,,,,,,,,,0
01-06-50,,,,,,,,,,,,,,,,,,,,,,,,,,,,,,,,,,,,,,,,,,0,,,,,,,,,0
01-07-50,,,,,,,,,,,,,,,,,,,,,,,,,,,,,,,,,,,,,,,,,,0,,,,,,,,,0
01-08-50,,,,,,,,,,,,,,,,,,,,,,,,,,,,,,,,,,,,,,,,,,0,,,,,,,,,0
01-09-50,,,,,,,,,,,,,,,,,,,,,,,,,,,,,,,,,,,,,,,,,,0,,,,,,,,,0
01-10-50,,,,,,,,,,,,,,,,,,,,,,,,,,,,,,,,,,,,,,,,,,0,,,,,,,,,0
01-11-50,,,,,,,,,,,,,,,,,,,,,,,,,,,,,,,,,,,,,,,,,,0,,,,,,,,,0
01-12-50,,,,,,,,,,,,,,,,,,,,,,,,,,,,,,,,,,,,,,,,,,0,,,,,,,,,0
01-01-51,,,,,,,,,,,,,,,,,,,,,,,,,,,,,,,,,,,,,,,,,,0,,,,,,,,,0
01-02-51,,,,,,,,,,,,,,,,,,,,,,,,,,,,,,,,,,,,,,,,,,0,,,,,,,,,0
01-03-51,,,,,,,,,,,,,,,,,,,,,,,,,,,,,,,,,,,,,,,,,,0,,,,,,,,,0
01-04-51,,,,,,,,,,,,,,,,,,,,,,,,,,,,,,,,,,,,,,,,,,0,,,,,,,,,0
01-05-51,,,,,,,,,,,,,,,,,,,,,,,,,,,,,,,,,,,,,,,,,,0,,,,,,,,,0
01-06-51,,,,,,,,,,,,,,,,,,,,,,,,,,,,,,,,,,,,,,,,,,0,,,,,,,,,0
01-07-51,,,,,,,,,,,,,,,,,,,,,,,,,,,,,,,,,,,,,,,,,,0,,,,,,,,,0
01-08-51,,,,,,,,,,,,,,,,,,,,,,,,,,,,,,,,,,,,,,,,,,1,,,,,,,,,1
01-09-51,,,,,,,,,,,,,,,,,,,,,,,,,,,,,,,,,,,,,,,,,,0,,,,,,,,,0
01-10-51,,,,,,,,,,,,,,,,,,,,,,,,,,,,,,,,,,,,,,,,,,0,,,,,,,,,0
01-11-51,,,,,,,,,,,,,,,,,,,,,,,,,,,,,,,,,,,,,,,,,,0,,,,,,,,,0
01-12-51,,,,,,,,,,,,,,,,,,,,,,,,,,,,,,,,,,,,,,,,,,0,,,,,,,,,0
01-01-52,,,,,,,,,,,,,,,,,,,,,,,,,,,,,,,,,,,,,,,,,,0,,,,,,,,,0
01-02-52,,,,,,,,,,,,,,,,,,,,,,,,,,,,,,,,,,,,,,,,,,0,,,,,,,,,0
01-03-52,,,,,,,,,,,,,,,,,,,,,,,,,,,,,,,,,,,,,,,,,,0,,,,,,,,,0
01-04-52,,,,,,,,,,,,,,,,,,,,,,,,,,,,,,,,,,,,,,,,,,0,,,,,,,,,0
01-05-52,,,,,,,,,,,,,,,,,,,,,,,,,,,,,,,,,,,,,,,,,,0,,,,,,,,,0
01-06-52,,,,,,,,,,,,,,,,,,,,,,,,,,,,,,,,,,,,,,,,,,0,,,,,,,,,0
01-07-52,,,,,,,,,,,,,,,,,,,,,,,,,,,,,,,,,,,,,,,,,,0,,,,,,,,,0
01-08-52,,,,,,,,,,,,,,,,,,,,,,,,,,,,,,,,,,,,,,,,,,0,,,,,,,,,0
01-09-52,,,,,,,,,,,,,,,,,,,,,,,,,,,,,,,,,,,,,,,,,,0,,,,,,,,,0
01-10-52,,,,,,,,,,,,,,,,,,,,,,,,,,,,,,,,,,,,,,,,,,0,,,,,,,,,0
01-11-52,,,,,,,,,,,,,,,,,,,,,,,,,,,,,,,,,,,,,,,,,,0,,,,,,,,,0
01-12-52,,,,,,,,,,,,,,,,,,,,,,,,,,,,,,,,,,,,,,,,,,0,,,,,,,,,0
01-01-53,,,,,,,,,,,,,,,,,,,,,,,,,,,,,,,,,,,,,,,,,,0,,,,,,,,,0
01-02-53,,,,,,,,,,,,,,,,,,,,,,,,,,,,,,,,,,,,,,,,,,0,,,,,,,,,0
01-03-53,,,,,,,,,,,,,,,,,,,,,,,,,,,,,,,,,,,,,,,,,,0,,,,,,,,,0
01-04-53,,,,,,,,,,,,,,,,,,,,,,,,,,,,,,,,,,,,,,,,,,0,,,,,,,,,0
01-05-53,,,,,,,,,,,,,,,,,,,,,,,,,,,,,,,,,,,,,,,,,,0,,,,,,,,,0
01-06-53,,,,,,,,,,,,,,,,,,,,,,,,,,,,,,,,,,,,,,,,,,0,,,,,,,,,0
01-07-53,,,,,,,,,,,,,,,,,,,,,,,,,,,,,,,,,,,,,,,,,,0,,,,,,,,,0
01-08-53,,,,,,,,,,,,,,,,,,,,,,,,,,,,,,,,,,,,,,,,,,0,,,,,,,,,0
01-09-53,,,,,,,,,,,,,,,,,,,,,,,,,,,,,,,,,,,,,,,,,,0,,,,,,,,,0
01-10-53,,,,,,,,,,,,,,,,,,,,,,,,,,,,,,,,,,,,,,,,,,0,,,,,,,,,0
01-11-53,,,,,,,,,,,,,,,,,,,,,,,,,,,,,,,,,,,,,,,,,,0,,,,,,,,,0
01-12-53,,,,,,,,,,,,,,,,,,,,,,,,,,,,,,,,,,,,,,,,,,0,,,,,,,,,0
01-01-54,,,,,,,,,,,,,,,,,,,,,,,,,,,,,,,,,,,,,,,,,,0,,,,,,,,,0
01-02-54,,,,,,,,,,,,,,,,,,,,,,,,,,,,,,,,,,,,,,,,,,0,,,,,,,,,0
01-03-54,,,,,,,,,,,,,,,,,,,,,,,,,,,,,,,,,,,,,,,,,,0,,,,,,,,,0
01-04-54,,,,,,,,,,,,,,,,,,,,,,,,,,,,,,,,,,,,,,,,,,0,,,,,,,,,0
01-05-54,,,,,,,,,,,,,,,,,,,,,,,,,,,,,,,,,,,,,,,,,,0,,,,,,,,,0
01-06-54,,,,,,,,,,,,,,,,,,,,,,,,,,,,,,,,,,,,,,,,,,-1,,,,,,,,,-1
01-07-54,,,,,,,,,,,,,,,,,,,,,,,,,,,,,,,,,,,,,,,,,,0,,,,,,,,,0
01-08-54,,,,,,,,,,,,,,,,,,,,,,,,,,,,,,,,,,,,,,,,,,0,,,,,,,,,0
01-09-54,,,,,,,,,,,,,,,,,,,,,,,,,,,,,,,,,,,,,,,,,,0,,,,,,,,,0
01-10-54,,,,,,,,,,,,,,,,,,,,,,,,,,,,,,,,,,,,,,,,,,0,,,,,,,,,0
01-11-54,,,,,,,,,,,,,,,,,,,,,,,,,,,,,,,,,,,,,,,,,,0,,,,,,,,,0
01-12-54,,,,,,,,,,,,,,,,,,,,,,,,,,,,,,,,,,,,,,,,,,0,,,,,,,,,0
01-01-55,,,,,,,,,,,,,,,,,,,,,,,,,,,,,,,,,,,,,,,,,,0,,,,,,,,,0
01-02-55,,,,,,,,,,,,,,,,,0,,,,,,,,,,,,,,,,,,,,,,,,,0,,,,,,,,,0
01-03-55,,,,,,,,,,,,,,,,,0,,,,,,,,,,,,,,,,,,,,,,,,,0,,,,,,,,,0
01-04-55,,,,,,,,,,,,,,,,,0,,,,,,,,,,,,,,,,,,,,,,,,,0,,,,,,,,,0
01-05-55,,,,,,,,,,,,,,,,,0,,,,,,,,,,,,,,,,,,,,,,,,,0,,,,,,,,,0
01-06-55,,,,,,,,,,,,,,,,,0,,,,,,,,,,,,,,,,,,,,,,,,,0,,,,,,,,,0
01-07-55,,,,,,,,,,,,,,,,,0,,,,,,,,,,,,,,,,,,,,,,,,,0,,,,,,,,,0
01-08-55,,,,,,,,,,,,,,,,,0,,,,,,,,,,,,,,,,,,,,,,,,,0,,,,,,,,,0
01-09-55,,,,,,,,,,,,,,,,,1,,,,,,,,,,,,,,,,,,,,,,,,,1,,,,,,,,,1
01-10-55,,,,,,,,,,,,,,,,,0,,,,,,,,,,,,,,,,,,,,,,,,,0,,,,,,,,,0
01-11-55,,,,,,,,,,,,,,,,,0,,,,,,,,,,,,,,,,,,,,,,,,,0,,,,,,,,,0
01-12-55,,,,,,,,,,,,,,,,,0,,,,,,,,,,,,,,,,,,,,,,,,,0,,,,,,,,,0
01-01-56,,,,,,,,,,,,,,,,,0,,,,,,,,,,,,,,,,,,,,,,,,,0,,,,,,,,,0
01-02-56,,,,,,,,,,,,,,,,,0,,,,,,,,,,,,,,,,,,,,,,,,,0,,,,,,,,,0
01-03-56,,,,,,,,,,,,,,,,,0,,,,,,,,,,,,,,,,,,,,,,,,,0,,,,,,,,,0
01-04-56,,,,,,,,,,,,,,,,,0,,,,,,,,,,,,,,,,,,,,,,,,,0,,,,,,,,,0
01-05-56,,,,,,,,,,,,,,,,,0,,,,,,,,,,,,,,,,,,,,,,,,,0,,,,,,,,,0
01-06-56,,,,,,,,,,,,,,,,,0,,,,,,,,,,,,,,,,,,,,,,,,,0,,,,,,,,,0
01-07-56,,,,,,,,,,,,,,,,,0,,,,,,,,,,,,,,,,,,,,,,,,,0,,,,,,,,,0
01-08-56,,,,,,,,,,,,,,,,,0,,,,,,,,,,,,,,,,,,,,,,,,,0,,,,,,,,,0
01-09-56,,,,,,,,,,,,,,,,,0,,,,,,,,,,,,,,,,,,,,,,,,,0,,,,,,,,,0
01-10-56,,,,,,,,,,,,,,,,,0,,,,,,,,,,,,,,,,,,,,,,,,,0,,,,,,,,,0
01-11-56,,,,,,,,,,,,,,,,,0,,,,,,,,,,,,,,,,,,,,,,,,,0,,,,,,,,,0
01-12-56,,,,,,,,,,,,,,,,,0,,,,,,,,,,,,,,,,,,,,,,,,,0,,,,,,,,,0
01-01-57,,,,,,,,,,,,,,,,,0,,,,,,,,,,,,,,,,,,,,,,,,,0,,,,,,,,,0
01-02-57,,,,,,,,,,,,,,,,,0,,,,,,,,,,,,,,,,,,,,,,,,,0,,,,,,,,,0
01-03-57,,,,,,,,,,,,,,,,,0,,,,,,,,,,,,,,,,,,,,,,,,,0,,,,,,,,,0
01-04-57,,,,,,,,,,,,,,,,,0,,,,,,,,,,,,,,,,,,,,,,,,,0,,,,,,,,,0
01-05-57,,,,,,,,,,,,,,,,,0,,,,,,,,,,,,,,,,,,,,,,,,,0,,,,,,,,,0
01-06-57,,,,,,,,,,,,,,,,,0,,,,,,,,,,,,,,,,,,,,,,,,,0,,,,,,,,,0
01-07-57,,,,,,,,,,,,,,,,,0,,,,,,,,,,,,,,,,,,,,,,,,,0,,,,,,,,,0
01-08-57,,,,,,,,,,,,,,,,,0,,,,,,,,,,,,,,,,,,,,,,,,,0,,,,,,,,,0
01-09-57,,,,,,,,,,,,,,,,,0,,,,,,,,,,,,,,,,,,,,,,,,,0,,,,,,,,,0
01-10-57,,,,,,,,,,,,,,,,,0,,,,,,,,,,,,,,,,,,,,,,,,,0,,,,,,,,,0
01-11-57,,,,,,,,,,,,,,,,,0,,,,,,,,,,,,,,,,,,,,,,,,,0,,,,,,,,,0
01-12-57,,,,,,,,,,,,,,,,,0,,,,,,,,,,,,,,,,,,,,,,,,,0,,,,,,,,,0
01-01-58,,,,,,,,,,,,,,,,,0,,,,,,,,,,,,,,,,,,,,,,,,,0,,,,,,,,,0
01-02-58,,,,,,,,,,,,,,,,,0,,,,,,,,,,,,,,,,,,,,,,,,,0,,,,,,,,,0
01-03-58,,,,,,,,,,,,,,,,,0,,,,,,,,,,,,,,,,,,,,,,,,,0,,,,,,,,,0
01-04-58,,,,,,,,,,,,,,,,,0,,,,,,,,,,,,,,,,,,,,,,,,,-1,,,,,,,,,-1
01-05-58,,,,,,,,,,,,,,,,,0,,,,,,,,,,,,,,,,,,,,,,,,,0,,,,,,,,,0
01-06-58,,,,,,,,,,,,,,,,,0,,,,,,,,,,,,,,,,,,,,,,,,,0,,,,,,,,,0
01-07-58,,,,,,,,,,,,,,,,,0,,,,,,,,,,,,,,,,,,,,,,,,,0,,,,,,,,,0
01-08-58,,,,,,,,,,,,,,,,,0,,,,,,,,,,,,,,,,,,,,,,,,,0,,,,,,,,,0
01-09-58,,,,,,,,,,,,,,,,,0,,,,,,,,,,,,,,,,,,,,,,,,,0,,,,,,,,,0
01-10-58,,,,,,,,,,,,,,,,,0,,,,,,,,,,,,,,,,,,,,,,,,,0,,,,,,,,,0
01-11-58,,,,,,,,,,,,,,,,,0,,,,,,,,,,,,,,,,,,,,,,,,,0,,,,,,,,,0
01-12-58,,,,,,,,,,,,,,,,,-1,,,,,,,,,,,,,,,,,,,,,,,,,0,,,,,,,,,0
01-01-59,,,,,,,,,,,,,,,,,0,,,,,,,,,,,,,,,,,,,,,,,,,0,,,,,,,,,0
01-02-59,,,,,,,,,,,,,,,,,0,,,,,,,,,,,,,,,,,,,,,,,,,0,,,,,,,,,0
01-03-59,,,,,,,,,,,,,,,,,0,,,,,,,,,,,,,,,,,,,,,,,,,0,,,,,,,,,0
01-04-59,,,,,,,,,,,,,,,,,0,,,,,,,,,,,,,,,,,,,,,,,,,0,,,,,,,,,0
01-05-59,,,,,,,,,,,,,,,,,0,,,,,,,,,,,,,,,,,,,,,,,,,0,,,,,,,,,0
01-06-59,,,,,,,,,,,,,,,,,0,,,,,,,,,,,,,,,,,,,,,,,,,1,,,,,,,,,1
01-07-59,,,,,,,,,,,,,,,,,0,,,,,,,,,,,,,,,,,,,,,,,,,0,,,,,,,,,0
01-08-59,,,,,,,,,,,,,,,,,0,,,,,,,,,,,,,,,,,,,,,,,,,0,,,,,,,,,0
01-09-59,,,,,,,,,,,,,,,,,0,,,,,,,,,,,,,,,,,,,,,,,,,0,,,,,,,,,0
01-10-59,,,,,,,,,,,,,,,,,0,,,,,,,,,,,,,,,,,,,,,,,,,0,,,,,,,,,0
01-11-59,,,,,,,,,,,,,,,,,0,,,,,,,,,,,,,,,,,,,,,,,,,0,,,,,,,,,0
01-12-59,,,,,,,,,,,,,,,,,0,,,,,,,,,,,,,,,,,,,,,,,,,0,,,,,,,,,0
01-01-60,,,,,,,,,,,,,,,,,0,,,,,,,,,,,,,,,,,,,,,,,,,0,,,,,,,,,0
01-02-60,0,0,0,,0,0,,,,,0,0,0,,0,0,1,0,,,,0,0,,0,0,0,0,,,0,0,0,0,,0,,,,0,0,0,0,,,0,0,0,0,0,0
01-03-60,0,0,0,,0,0,,,,,0,0,0,,0,0,0,0,,,,0,0,,0,0,0,0,,,0,0,0,0,,0,,,,0,0,0,0,,0,0,0,0,0,0,0
01-04-60,0,0,0,,0,0,,,,,0,0,0,,0,0,0,0,,,,0,0,,0,0,0,0,,,0,0,0,0,,0,,,,0,0,0,0,,0,0,0,0,0,0,0
01-05-60,0,0,0,,0,0,,,,,0,0,0,,0,0,0,0,,,,0,0,,0,0,0,0,,,0,0,0,0,,0,,,,0,0,0,0,,0,0,0,0,0,0,0
01-06-60,0,0,0,,0,0,,,,,0,0,0,,0,0,0,0,,,,0,0,,0,0,0,0,,,0,0,0,0,,0,,,,0,0,0,0,,0,0,0,0,0,0,0
01-07-60,0,0,0,,0,0,,,,,0,0,0,,0,0,0,0,,,,0,0,,0,0,0,0,,,0,0,0,0,,0,,,,0,0,0,1,,0,0,0,0,0,0,0
01-08-60,0,0,0,,0,0,,,,,0,-1,0,,0,0,0,0,,,,0,0,,0,0,0,0,,,0,0,0,0,,0,,,,0,0,0,0,,0,0,0,0,0,0,0
01-09-60,0,0,0,,0,0,,,,,0,0,0,,0,0,0,0,,,,0,0,,0,0,0,0,,,0,0,0,0,,0,,,,0,0,0,0,,0,0,0,0,0,0,0
01-10-60,0,0,0,,0,0,,,,,0,0,0,,0,0,0,0,,,,0,0,,-1,0,0,0,,,0,0,0,0,,0,,,,0,0,0,0,,0,0,0,0,0,0,0
01-11-60,0,0,0,,0,0,,,,,1,0,0,,0,0,0,0,,,,0,0,,0,0,0,0,,,0,0,0,0,,0,,,,0,0,0,0,,0,0,0,0,0,0,0
01-12-60,0,0,0,,0,0,,,,,0,0,0,,0,-1,0,0,,,,0,0,,0,0,0,0,,,0,0,0,0,,0,,,,0,0,0,0,,0,0,0,0,0,0,0
01-01-61,0,0,0,,0,0,,,,,0,0,0,,0,0,0,0,,,,0,0,,0,0,0,0,,,0,0,0,0,,0,,,,0,0,0,0,,0,0,-1,0,0,-1,0
01-02-61,0,0,0,,0,0,,,,,0,0,0,,0,0,0,0,,,,0,0,,0,0,0,0,,,0,0,0,0,,-1,,,,1,0,-1,0,,0,0,0,0,-1,0,-1
01-03-61,0,1,0,,0,0,,,,,0,0,0,,0,0,0,0,,,,0,0,,0,0,0,0,,,0,0,0,0,,0,,,,0,0,0,0,,0,0,0,0,0,0,0
01-04-61,0,0,0,,0,0,,,,,0,0,0,,0,0,0,0,,,,0,0,,0,0,0,0,,,0,0,0,0,,0,,,,0,0,0,0,,0,0,0,0,0,0,0
01-05-61,0,0,-1,,0,0,,,,,0,0,0,,0,0,0,1,,,,0,0,,0,0,0,1,,,0,0,0,0,,0,,,,0,0,0,0,,0,0,0,0,0,0,0
01-06-61,0,0,0,,0,0,,,,,0,0,0,,0,0,0,0,,,,0,0,,0,0,0,0,,,0,0,0,0,,0,,,,0,0,0,0,,0,0,0,0,0,0,0
01-07-61,0,0,0,,0,0,,,,,0,0,0,,0,0,0,0,,,,1,0,,0,0,0,0,,,0,0,1,0,,0,,,,0,0,0,0,,0,0,0,0,0,0,0
01-08-61,0,0,0,,0,0,,,,,0,0,0,,0,0,0,0,,,,0,0,,0,0,0,0,,,0,0,0,0,,0,,,,0,0,0,0,,0,0,0,0,0,0,0
01-09-61,0,0,0,,0,0,,,,,0,0,0,,0,0,0,0,,,,0,-1,,0,0,0,0,,,0,-1,0,0,,0,,,,0,0,0,0,,0,0,0,0,0,0,0
01-10-61,-1,0,0,,0,0,,,,,0,0,0,,0,0,0,0,,,,0,0,,0,0,0,0,,,0,0,0,0,,0,,,,0,-1,0,0,,0,0,0,0,0,0,0
01-11-61,0,0,0,,0,1,,,,,0,0,0,,1,0,0,0,,,,0,0,,0,0,0,0,,,0,0,0,0,,0,,,,0,0,0,0,,0,0,0,0,0,0,0
01-12-61,0,0,0,,0,0,,,,,0,0,0,,0,0,0,0,,,,0,0,,0,1,0,0,,,0,0,0,0,,0,,,,0,0,0,0,,0,0,0,0,0,0,0
01-01-62,0,0,0,,0,0,,,,,0,0,0,,0,0,0,0,,,,0,0,,1,0,0,0,,,0,0,0,0,,0,,,,0,0,0,0,,0,0,0,0,0,0,0
01-02-62,0,0,0,,1,0,,,,,0,0,0,,0,0,0,0,,,,0,0,,0,0,0,0,,,0,0,0,0,,0,,,,0,0,0,0,,0,0,1,0,1,1,0
01-03-62,0,0,0,,0,0,,,,,0,1,0,,0,0,0,0,,,,0,0,,0,0,0,0,,,0,0,0,0,,0,,,,0,0,1,0,,0,0,0,0,0,0,1
01-04-62,0,0,0,,0,0,,,,,0,0,0,,0,0,0,0,,,,0,0,,0,0,0,0,,,0,0,0,0,,0,,,,0,0,0,0,,0,0,0,0,0,0,0
01-05-62,0,0,1,,0,0,,,,,0,0,0,,0,1,0,0,,,,0,0,,0,0,0,0,,,0,0,0,0,,0,,,,0,0,0,0,,0,1,0,1,0,0,0
01-06-62,0,0,0,,0,0,,,,,0,0,0,,0,0,0,0,,,,-1,0,,0,0,-1,0,,,0,0,0,0,,0,,,,0,0,0,0,,0,0,0,0,0,0,0
01-07-62,0,0,0,,0,0,,,,,0,0,0,,0,0,0,0,,,,0,0,,0,0,0,0,,,0,0,0,-1,,1,,,,0,0,0,0,,0,0,0,0,0,0,0
01-08-62,0,0,0,,0,0,,,,,0,0,0,,0,0,0,-1,,,,0,0,,0,0,0,0,,,0,0,0,0,,0,,,,0,0,0,0,,0,0,0,0,0,0,0
01-09-62,0,0,0,,0,0,,,,,0,0,0,,0,0,0,0,,,,0,0,,0,0,0,0,,,-1,0,0,0,,0,,,,0,0,0,0,,0,0,0,0,0,0,0
01-10-62,0,0,0,,0,0,,,,,0,0,0,,0,0,0,0,,,,0,0,,0,0,0,0,,,0,0,0,0,,0,,,,0,0,0,0,,0,0,0,0,0,0,0
01-11-62,0,0,0,,0,0,,,,,0,0,0,,0,0,0,0,,,,0,0,,0,0,0,0,,,0,0,0,0,,0,,,,0,0,0,0,,0,0,0,0,0,0,0
01-12-62,0,0,0,,0,0,,,,,0,0,0,,0,0,-1,0,,,,0,0,,0,0,0,0,,,0,0,0,0,,0,,,,0,0,0,-1,,0,0,0,0,0,0,0
01-01-63,0,-1,0,,0,0,,,,,0,0,0,,0,0,0,0,,,,0,0,,0,0,0,0,,,0,0,0,0,,0,,,,0,0,0,0,,0,0,0,0,0,0,0
01-02-63,0,0,0,,0,-1,,,,,-1,0,0,,0,-1,0,0,,,,0,0,,0,-1,0,0,,,0,0,0,0,,0,,,,-1,0,0,0,,0,-1,-1,0,-1,-1,0
01-03-63,0,0,0,,0,0,,,,,0,0,0,,-1,0,0,0,,,,0,0,,0,0,0,-1,,,0,0,0,0,,0,,,,0,0,-1,0,,0,0,0,0,0,0,-1
01-04-63,0,0,0,,0,0,,,,,0,0,1,,0,0,0,0,,,,0,0,,0,0,0,0,,,0,0,0,0,,0,,,,0,0,0,0,,0,0,0,0,0,0,0
01-05-63,0,0,-1,,0,0,,,,,0,0,0,,0,0,0,0,,,,0,0,,0,0,0,0,,,0,0,-1,0,,0,,,,0,0,0,0,,0,0,0,0,0,0,0
01-06-63,0,0,0,,-1,0,,,,,0,-1,0,,0,0,0,0,,,,0,0,,0,0,0,0,,,0,0,0,0,,0,,,,0,0,0,0,,0,0,0,0,0,0,0
01-07-63,0,0,0,,0,0,,,,,0,0,0,,0,0,0,0,,,,0,0,,0,0,0,0,,,0,0,0,0,,0,,,,0,0,0,0,,0,0,0,0,0,0,0
01-08-63,0,0,0,,0,0,,,,,0,0,0,,0,0,0,0,,,,0,0,,0,0,0,0,,,0,0,0,0,,0,,,,0,1,0,0,,0,0,0,0,0,0,0
01-09-63,0,0,0,,0,0,,,,,0,0,0,,0,0,0,0,,,,0,0,,0,0,0,0,,,0,0,0,0,,0,,,,0,0,0,0,,0,0,0,0,0,0,0
01-10-63,0,0,0,,0,0,,,,,0,0,0,,0,0,0,0,,,,0,0,,0,0,0,0,,,0,0,0,0,,0,,,,0,0,0,0,,0,0,0,0,0,0,0
01-11-63,0,0,0,,0,0,,,,,0,0,0,,0,0,0,0,,,,0,0,,0,0,0,0,,,0,0,0,0,,0,,,,0,0,0,0,,1,0,0,0,0,0,0
01-12-63,0,0,0,,0,0,,,,,0,0,0,,0,0,0,0,,,,0,0,,0,0,0,0,,,0,0,0,0,,0,,,,0,0,0,0,,0,0,0,0,0,0,0
01-01-64,0,0,0,,0,0,,,,,0,0,0,,0,0,0,0,,,,0,0,,0,0,0,0,,,0,0,0,0,,-1,,,,0,0,0,0,,0,0,0,0,0,0,0
01-02-64,0,0,0,,0,0,,,,,0,0,0,,0,0,0,0,,,,0,0,,0,0,0,0,,,0,0,0,0,,0,,,,0,0,0,0,,0,0,0,0,0,0,0
01-03-64,0,0,0,,0,0,,,,,0,0,0,,0,0,0,0,,,,0,0,,0,0,0,0,,,0,0,0,0,,0,,,,0,0,0,0,,0,0,1,0,1,1,0
01-04-64,0,0,0,,0,0,,,,,0,0,0,,0,0,0,0,,,,1,0,,0,1,0,0,,,0,0,0,0,,0,,,,0,0,0,0,,0,0,0,0,0,0,0
01-05-64,0,0,0,,0,1,,,,,0,0,0,,0,0,0,0,,,,0,0,,0,0,0,0,,,0,0,0,0,,0,,,,0,0,0,0,,0,0,0,0,0,0,0
01-06-64,0,0,0,,0,0,,,,,0,0,0,,0,0,0,0,,,,0,0,,0,0,0,0,,,0,0,0,0,,0,,,,0,0,0,0,,0,0,0,0,0,0,0
01-07-64,0,0,0,,0,0,,,,,0,0,0,,0,0,0,0,,,,0,0,,0,0,0,0,,,0,0,0,0,,0,,,,0,0,0,0,,0,0,0,0,0,0,0
01-08-64,0,0,1,,0,0,,,,,0,0,0,,0,0,0,0,,,,0,0,,0,0,0,1,,,1,0,0,0,,0,,,,0,0,0,0,,0,0,0,0,0,0,0
01-09-64,0,0,0,,0,0,,,,,0,0,0,,0,0,1,0,,,,0,0,,0,0,0,0,,,0,0,0,0,,0,,,,0,0,0,0,,0,0,0,0,0,0,0
01-10-64,0,0,0,,0,0,,,,,0,0,0,,0,0,0,0,,,,0,0,,0,0,0,0,,,0,0,0,0,,0,,,,0,0,0,0,,0,0,0,0,0,0,0
01-11-64,0,0,0,,0,0,,,,,0,1,0,,0,0,0,0,,,,0,0,,0,0,0,0,,,0,0,0,0,,0,,,,0,0,0,0,,0,0,0,0,0,0,0
01-12-64,0,0,0,,0,0,,,,,0,0,0,,0,0,0,0,,,,0,0,,0,0,1,0,,,0,0,0,0,,0,,,,1,0,0,0,,0,0,0,0,0,0,0
01-01-65,0,0,0,,0,0,,,,,0,0,0,,0,0,0,0,,,,0,0,,-1,0,0,0,,,0,1,0,0,,0,,,,0,0,0,0,,0,0,0,0,0,0,0
01-02-65,1,0,0,,0,0,,,,,0,0,0,,0,0,0,0,,,,0,0,,0,0,0,0,,,0,0,0,0,,0,,,,0,0,0,1,,0,0,-1,0,0,0,0
01-03-65,0,0,0,,0,0,,,,,0,0,0,,0,0,0,0,,,,0,0,,0,0,0,0,,,0,0,0,0,,0,,,,0,0,0,0,,0,0,0,0,0,0,0
01-04-65,0,0,0,,0,0,,,,,0,0,0,,0,0,0,0,,,,0,0,,0,0,0,0,,,0,0,0,0,,0,,,,0,0,0,0,,0,0,0,0,0,-1,0
01-05-65,0,0,0,,0,0,,,,,0,0,0,,0,0,0,0,,,,0,0,,0,0,0,0,,,0,0,1,0,,1,,,,0,0,0,0,,0,0,0,0,0,0,0
01-06-65,0,0,0,,0,0,,,,,0,0,0,,1,0,0,0,,,,0,0,,0,0,0,0,,,0,0,0,0,,0,,,,0,-1,0,0,,0,0,0,0,0,0,0
01-07-65,0,0,0,,0,0,,,,,0,0,0,,0,0,0,1,,,,0,0,,0,0,0,0,,,0,0,0,0,,0,,,,0,0,0,0,,0,0,0,0,0,0,0
01-08-65,0,0,0,,0,0,,,,,0,0,0,,0,0,0,0,,,,0,0,,0,0,0,0,,,0,0,0,0,,0,,,,0,0,0,0,,0,1,0,0,0,0,0
01-09-65,0,0,0,,0,0,,,,,0,0,-1,,0,0,0,0,,,,0,0,,0,0,-1,0,,,0,0,0,0,,0,,,,0,0,0,0,,0,0,0,0,0,0,0
01-10-65,0,0,0,,0,0,,,,,0,0,0,,0,1,0,0,,,,0,0,,0,0,0,0,,,0,0,0,0,,0,,,,0,0,0,0,,0,0,0,0,0,0,0
01-11-65,0,0,0,,0,0,,,,,0,0,0,,0,0,0,0,,,,0,0,,0,-1,0,0,,,0,0,0,0,,0,,,,0,0,0,0,,0,0,0,0,0,0,0
01-12-65,0,0,0,,0,0,,,,,0,0,0,,0,0,0,0,,,,0,0,,0,0,0,0,,,0,0,0,0,,0,,,,0,0,0,0,,0,0,0,0,0,0,0
01-01-66,0,0,0,,0,-1,,,,,0,0,0,,0,0,0,0,,,,0,0,,0,0,0,0,,,0,0,0,0,,0,,,,0,0,0,0,,0,0,0,0,0,0,0
01-02-66,0,0,0,,0,0,,,,,1,0,0,,0,0,0,0,,,,0,0,,0,0,0,0,,,0,0,0,0,,0,,,,0,0,0,0,,0,0,0,0,0,0,0
01-03-66,0,1,0,,0,0,,,,,0,0,0,,0,0,0,0,,,,0,0,,0,0,0,0,,,0,0,0,0,,0,,,,0,0,1,0,,0,0,1,0,0,0,1
01-04-66,-1,0,0,,1,0,,,,,0,0,0,,0,0,0,0,,,,0,0,,0,0,0,0,,,0,0,0,0,,0,,,,0,0,0,0,,0,0,0,0,0,1,0
01-05-66,0,0,0,,0,0,,,,,0,0,0,,0,0,0,0,,,,0,0,,0,0,0,0,,,0,0,-1,1,,0,,,,0,0,0,0,,0,0,0,0,0,0,0
01-06-66,0,0,0,,0,0,,,,,0,0,0,,0,0,0,0,,,,0,0,,0,0,0,0,,,0,0,0,0,,0,,,,0,0,0,0,,0,0,0,0,0,0,0
01-07-66,0,0,0,,0,0,,,,,0,0,0,,0,0,0,0,,,,0,1,,0,0,0,0,,,0,0,0,0,,0,,,,0,0,0,0,,0,0,0,0,0,0,0
01-08-66,0,0,0,,0,0,,,,,0,0,1,,0,0,0,0,,,,-1,0,,0,0,0,0,,,0,0,0,0,,0,,,,0,1,0,0,,0,0,0,0,0,0,0
01-09-66,0,0,0,,0,0,,,,,0,0,0,,0,0,0,0,,,,0,0,,0,0,0,0,,,0,0,0,0,,0,,,,0,0,0,0,,0,0,0,0,0,0,0
01-10-66,0,0,0,,0,0,,,,,0,0,0,,0,0,0,0,,,,0,0,,0,0,0,0,,,0,0,0,0,,-1,,,,0,0,0,-1,,0,0,0,0,0,0,0
01-11-66,0,0,0,,0,0,,,,,0,0,0,,0,0,0,0,,,,0,0,,0,0,0,0,,,0,0,0,0,,0,,,,0,0,0,0,,0,0,0,0,0,0,0
01-12-66,0,0,0,,0,0,,,,,0,0,0,,0,0,-1,0,,,,0,0,,0,0,0,0,,,0,0,0,0,,0,,,,0,0,0,0,,0,0,0,0,0,0,0
01-01-67,0,0,0,,0,1,,,,,0,0,0,,0,0,0,0,,,,0,0,,0,0,0,0,,,0,0,0,0,,0,,,,0,0,0,0,,0,0,0,0,0,0,0
01-02-67,0,0,0,,0,0,,,,,0,0,0,,0,0,0,0,,,,0,0,,0,0,0,0,,,0,0,0,0,,0,,,,0,0,0,0,,0,0,0,0,0,0,0
01-03-67,0,0,0,,0,0,,,,,0,0,0,,0,0,0,0,,,,0,0,,0,0,0,0,,,0,0,0,0,,0,,,,0,0,0,0,,0,0,0,0,0,0,0
01-04-67,0,0,0,,0,0,,,,,0,0,0,,0,0,0,0,,,,0,0,,0,0,0,0,,,0,0,0,0,,0,,,,0,0,0,0,,0,-1,0,0,0,0,0
01-05-67,0,0,0,,0,0,,,,,-1,0,0,,0,0,0,0,,,,0,0,,0,0,0,0,,,0,0,0,0,,0,,,,0,0,0,0,,0,0,0,0,0,0,0
01-06-67,0,0,0,,0,0,,,,,0,0,0,,0,0,0,0,,,,0,0,,0,0,0,0,,,-1,-1,1,0,,0,,,,0,0,0,0,,0,0,0,0,0,0,0
01-07-67,0,0,0,,0,0,,,,,0,0,0,,0,0,0,0,,,,0,0,,0,0,0,0,,,0,0,0,0,,0,,,,0,0,0,0,,0,0,-1,0,0,0,0
01-08-67,0,0,0,,0,0,,,,,0,0,0,,0,0,0,0,,,,0,0,,0,0,0,0,,,0,0,0,0,,0,,,,0,-1,0,1,,0,0,0,0,0,0,0
01-09-67,0,0,0,,0,0,,,,,0,0,0,,0,0,0,0,,,,0,0,,0,0,0,0,,,0,0,0,0,,0,,,,0,0,-1,0,,0,0,0,0,-1,-1,-1
01-10-67,0,0,0,,0,0,,,,,0,0,0,,0,0,0,0,,,,0,0,,0,0,0,0,,,0,0,0,0,,0,,,,0,0,0,0,,0,0,0,0,0,0,0
01-11-67,0,-1,0,,0,0,,,,,0,0,0,,0,0,0,0,,,,0,0,,0,0,0,0,,,0,0,0,0,,0,,,,0,0,0,0,,0,0,0,0,0,0,0
01-12-67,0,0,0,,-1,-1,,,,,0,0,-1,,0,0,0,0,,,,0,0,,0,0,0,0,,,0,0,0,0,,0,,,,-1,0,0,0,,0,0,0,0,0,0,0
01-01-68,0,0,0,,0,0,,,,,0,0,0,,0,0,0,0,,,,0,0,,0,0,0,0,,,0,0,0,0,,0,,,,0,0,0,0,,0,0,0,0,0,0,0
01-02-68,0,0,0,,0,0,,,,,0,0,0,,0,0,0,0,,,,0,0,,0,0,0,-1,,,0,0,0,0,,0,,,,0,0,0,0,,0,0,0,0,0,0,0
01-03-68,0,0,0,,0,0,,,,,0,-1,0,,0,0,0,0,,,,0,0,,0,0,0,0,,,0,0,0,-1,,0,,,,0,0,0,0,,0,0,0,0,0,0,0
01-04-68,0,0,0,,0,0,,,,,0,0,0,,0,0,0,0,,,,0,0,,0,0,0,0,,,0,0,0,0,,0,,,,0,0,0,0,,-1,0,0,-1,0,0,0
01-05-68,0,0,0,,0,0,,,,,0,0,0,,0,-1,0,-1,,,,0,0,,0,0,0,0,,,0,0,0,0,,1,,,,0,0,0,0,,0,0,0,0,0,0,0
01-06-68,0,0,-1,,0,0,,,,,0,0,0,,0,0,0,0,,,,0,0,,0,0,0,0,,,0,0,0,0,,0,,,,0,0,0,0,,0,0,0,0,0,0,0
01-07-68,0,0,0,,0,0,,,,,0,0,0,,-1,0,0,0,,,,0,0,,0,0,0,0,,,1,0,-1,0,,0,,,,0,0,0,0,,0,0,0,0,0,0,1
01-08-68,0,0,0,,0,0,,,,,0,0,0,,0,0,1,0,,,,0,0,,0,0,0,0,,,0,0,0,0,,0,,,,0,1,0,0,,0,0,0,0,0,0,0
01-09-68,0,0,0,,0,0,,,,,0,0,0,,0,0,0,0,,,,0,0,,0,0,0,0,,,0,0,0,0,,0,,,,0,0,0,0,,0,0,0,0,0,0,0
01-10-68,0,0,0,,0,0,,,,,0,0,0,,0,0,0,0,,,,0,0,,0,0,0,0,,,0,0,0,0,,0,,,,0,0,0,0,,0,0,0,0,0,0,0
01-11-68,0,0,0,,0,0,,,,,0,0,0,,0,0,0,0,,,,0,0,,0,0,0,0,,,0,0,0,0,,0,,,,0,0,0,0,,0,0,0,0,0,0,0
01-12-68,0,0,0,,1,0,,,,,0,0,0,,0,0,0,0,,,,0,0,,0,0,0,0,,,0,0,0,0,,0,,,,0,0,0,0,,0,0,0,0,0,0,0
01-01-69,0,0,0,,0,0,,,,,0,0,0,,0,0,0,0,,,,0,0,,0,0,0,0,,,0,0,0,0,,0,,,,0,0,0,0,,0,0,0,0,0,0,0
01-02-69,0,0,0,,0,0,,,,,0,0,0,,0,0,0,0,,,,0,0,,0,0,0,0,,,0,0,0,0,,0,,,,0,0,0,0,,0,0,0,0,0,0,0
01-03-69,0,0,0,,0,0,,,,,0,0,0,,0,0,0,0,,,,0,0,,0,0,0,0,,,0,0,0,0,,0,,,,0,0,1,-1,,0,0,1,0,0,0,0
01-04-69,0,0,0,,0,0,,,,,0,0,1,,0,0,0,0,,,,0,0,,0,0,0,0,,,0,0,0,0,,0,,,,0,0,0,0,,0,0,0,0,0,0,0
01-05-69,0,0,0,,0,0,,,,,0,0,0,,0,0,0,0,,,,1,0,,0,0,0,0,,,0,0,0,0,,0,,,,0,0,0,0,,0,0,0,0,0,1,0
01-06-69,0,0,0,,0,0,,,,,0,0,0,,0,0,0,0,,,,0,0,,0,0,0,0,,,0,0,1,0,,0,,,,0,0,0,0,,0,0,0,0,1,0,0
01-07-69,0,0,0,,0,0,,,,,0,1,0,,0,0,0,0,,,,0,0,,0,0,0,1,,,0,0,0,1,,-1,,,,0,0,0,0,,0,0,0,0,0,0,0
01-08-69,0,0,0,,0,0,,,,,0,0,0,,0,0,0,0,,,,0,0,,0,0,0,0,,,0,0,0,0,,0,,,,0,0,0,0,,0,0,0,0,0,0,0
01-09-69,0,0,0,,0,0,,,,,0,0,0,,0,0,0,0,,,,0,0,,0,0,1,0,,,0,0,0,0,,0,,,,0,0,0,0,,0,0,0,0,0,0,0
01-10-69,0,0,0,,0,0,,,,,0,0,0,,0,0,0,0,,,,0,0,,0,0,0,0,,,0,0,0,0,,0,,,,0,0,0,0,,0,0,0,0,0,0,0
01-11-69,0,0,0,,0,0,,,,,0,0,0,,0,0,0,0,,,,0,0,,0,0,0,0,,,0,0,0,0,,0,,,,0,0,0,0,,0,0,0,0,0,0,0
01-12-69,0,0,0,,0,0,,,,,0,0,0,,0,0,0,0,,,,0,-1,,0,0,0,0,,,0,0,0,0,,0,,,,0,0,0,0,,0,0,0,0,0,0,0
01-01-70,0,0,0,,0,0,,,,,0,0,0,,0,0,0,0,,,,0,0,,0,0,0,0,,,0,0,0,0,,0,,,,0,0,0,0,,0,0,0,0,0,0,0
01-02-70,0,0,0,,0,0,,,,,0,0,0,,0,0,-1,0,,,,0,0,,0,0,0,0,,,0,0,0,0,,0,,,,0,0,0,0,,0,0,0,0,0,0,0
01-03-70,0,0,0,,0,0,,,,,0,0,0,,0,0,0,0,,,,0,0,,0,1,0,0,,,0,0,0,0,,0,,,,0,0,0,0,,0,0,0,0,0,0,0
01-04-70,1,0,0,,0,0,,,,,0,0,0,,0,0,0,0,,,,0,0,,0,0,0,0,,,0,0,0,0,,0,,,,0,0,0,0,,0,0,0,0,0,0,0
01-05-70,0,0,0,,0,0,,,,,0,0,0,,0,0,0,0,,,,0,0,,0,0,0,0,,,0,0,0,0,,0,,,,0,0,0,0,,0,0,0,0,0,0,0
01-06-70,0,0,1,,0,0,,,,,0,0,0,,0,0,0,0,,,,0,0,,0,0,0,0,,,0,0,0,0,,0,,,,0,0,0,0,,0,0,0,0,0,0,0
01-07-70,0,0,0,,0,0,,,,,0,0,0,,1,0,0,0,,,,0,0,,1,0,0,0,,,0,0,0,0,,0,,,,0,0,0,0,,0,0,0,0,0,0,0
01-08-70,0,0,0,,0,0,,,,,1,0,0,,0,0,0,0,,,,0,0,,0,0,0,0,,,0,0,0,0,,0,,,,0,0,0,0,,1,1,0,1,0,0,0
01-09-70,0,0,0,,0,0,,,,,0,0,0,,0,0,0,0,,,,0,0,,0,0,0,0,,,0,0,-1,0,,0,,,,1,0,0,0,,0,0,0,0,0,0,0
01-10-70,0,0,0,,0,0,,,,,0,0,0,,0,0,0,0,,,,0,0,,0,0,0,0,,,0,0,0,0,,0,,,,0,0,0,0,,0,0,0,0,0,0,0
01-11-70,0,0,0,,0,0,,,,,0,0,0,,0,0,0,0,,,,0,0,,0,0,0,0,,,0,0,0,-1,,0,,,,0,0,-1,0,,0,0,0,0,0,0,-1
01-12-70,0,0,0,,0,0,,,,,0,0,0,,0,0,0,0,,,,0,0,,0,0,0,0,,,0,1,0,0,,0,,,,0,0,0,0,,0,0,0,0,0,0,0
01-01-71,0,0,0,,0,0,,,,,0,0,0,,0,0,0,0,,,,0,0,,0,0,0,0,,,0,0,0,0,,0,,,,0,0,0,1,,0,0,0,0,0,0,0
01-02-71,0,0,0,,-1,0,,,,,0,0,0,,0,0,0,0,,,,-1,0,,0,0,0,0,,,0,0,0,0,,0,,,,0,0,0,0,,0,0,0,0,0,0,0
01-03-71,0,0,0,,0,0,,,,,0,-1,-1,,0,0,0,0,,,,0,0,,0,0,0,0,,,0,0,0,0,,0,,,,0,0,0,0,,0,0,-1,0,0,0,0
01-04-71,0,0,0,,0,0,,,,,0,0,0,,0,0,0,0,,,,0,0,,0,0,0,0,,,0,0,0,0,,0,,,,0,-1,0,0,,0,0,0,0,0,0,0
01-05-71,0,0,0,,0,0,,,,,0,0,0,,0,0,0,0,,,,0,0,,0,0,0,-1,,,0,0,0,0,,0,,,,0,0,0,0,,0,0,0,0,0,0,0
01-06-71,0,0,0,,0,0,,,,,0,0,0,,0,0,0,0,,,,0,0,,0,0,0,0,,,0,0,0,0,,0,,,,0,0,0,0,,0,0,0,0,0,0,0
01-07-71,0,0,0,,0,0,,,,,0,0,0,,0,0,0,0,,,,0,0,,0,0,0,0,,,-1,0,0,0,,0,,,,0,0,0,0,,0,0,0,0,0,0,0
01-08-71,0,0,0,,0,0,,,,,0,0,0,,0,0,0,0,,,,0,0,,0,0,0,0,,,0,0,0,0,,0,,,,0,0,0,0,,0,0,0,0,0,0,0
01-09-71,0,0,-1,,0,0,,,,,0,0,0,,0,0,0,0,,,,0,0,,0,0,0,0,,,0,0,0,0,,0,,,,0,0,0,0,,0,0,0,0,0,0,0
01-10-71,0,0,0,,0,0,,,,,0,0,0,,-1,1,0,0,,,,0,0,,0,-1,0,0,,,0,0,0,0,,0,,,,0,0,0,0,,0,0,0,0,-1,-1,0
01-11-71,0,0,0,,0,0,,,,,0,0,0,,0,0,0,0,,,,0,0,,0,0,0,0,,,0,0,0,0,,0,,,,0,0,0,0,,0,0,0,0,0,0,0
01-12-71,0,0,0,,0,0,,,,,0,0,0,,0,0,0,0,,,,0,0,,0,0,0,0,,,0,0,0,0,,0,,,,0,0,0,0,,0,0,0,0,0,0,0
01-01-72,0,0,0,,0,0,,,,,0,0,0,,0,0,0,0,,,,0,0,,0,0,0,0,,,0,0,0,0,,0,,,,0,0,0,0,,0,0,0,-1,0,0,0
01-02-72,0,0,0,,0,0,,,,,-1,0,0,,0,0,0,0,,,,0,0,,0,0,0,0,,,0,0,0,0,,0,,,,0,0,0,0,,0,0,0,0,0,0,0
01-03-72,0,0,0,,0,0,,,,,0,0,0,,0,0,0,0,,,,0,0,,0,0,0,0,,,0,0,0,0,,0,,,,-1,0,0,0,,-1,-1,0,0,0,0,0
01-04-72,0,0,0,,0,0,,,,,0,0,0,,0,0,0,0,,,,0,0,,0,0,0,0,,,0,0,0,0,,0,,,,0,0,0,0,,0,0,0,0,0,0,0
01-05-72,0,0,0,,0,0,,,,,0,0,0,,0,0,0,0,,,,0,0,,0,0,0,0,,,0,0,0,0,,0,,,,0,0,0,0,,0,0,0,0,0,0,0
01-06-72,0,0,0,,0,0,,,,,0,0,0,,0,0,0,0,,,,0,0,,0,0,-1,0,,,0,0,1,0,,0,,,,0,1,0,0,,0,0,0,0,0,0,0
01-07-72,0,0,0,,0,0,,,,,0,0,0,,0,-1,0,0,,,,0,0,,0,0,0,0,,,0,0,0,0,,0,,,,0,0,0,0,,0,0,0,0,0,0,0
01-08-72,0,0,0,,0,0,,,,,0,0,0,,0,0,0,0,,,,0,0,,0,0,0,0,,,0,-1,0,0,,0,,,,0,0,0,-1,,0,0,0,0,0,0,0
01-09-72,-1,0,0,,0,0,,,,,0,0,0,,0,0,0,0,,,,0,0,,0,0,0,0,,,0,0,0,0,,0,,,,0,0,0,0,,0,0,0,0,0,0,0
01-10-72,0,0,0,,0,0,,,,,0,0,0,,0,0,0,0,,,,0,0,,0,0,0,0,,,0,0,0,0,,0,,,,0,0,0,0,,0,0,0,0,0,0,0
01-11-72,0,0,0,,0,0,,,,,0,0,0,,0,0,0,0,,,,0,0,,-1,0,0,0,,,0,0,0,0,,0,,,,0,0,0,0,,0,0,0,0,0,0,0
01-12-72,0,0,0,,0,0,,,,,0,0,0,,0,0,0,0,,,,1,0,,0,0,0,0,,,0,0,0,0,,0,,,,0,0,0,0,,0,0,0,0,0,0,0
01-01-73,0,0,0,,0,0,,,,,0,0,0,,0,0,0,0,,,,0,0,,0,0,0,0,,,0,0,0,0,,0,,,,0,0,0,0,,0,0,0,0,0,0,0
01-02-73,0,0,0,,0,0,,,,,0,0,0,,0,0,0,0,,,,0,0,,0,0,0,0,,,0,0,0,0,,0,,,,0,0,0,0,,0,0,0,0,0,0,0
01-03-73,0,0,0,,0,0,,,,,0,0,0,,0,0,0,0,,,,0,0,,0,0,0,0,,,0,0,0,0,,0,,,,0,0,0,0,,0,0,0,0,0,0,0
01-04-73,0,0,0,,0,0,,,,,1,1,0,,0,0,1,0,,,,0,0,,0,1,0,0,,,0,0,0,0,,0,,,,0,0,0,0,,0,0,0,0,0,0,0
01-05-73,0,0,0,,0,0,,,,,0,0,0,,0,0,0,0,,,,0,0,,0,0,0,0,,,0,0,0,0,,0,,,,0,0,1,0,,0,0,1,0,1,1,1
01-06-73,0,0,0,,0,0,,,,,0,0,0,,0,0,0,1,,,,0,0,,0,0,0,0,,,0,0,0,0,,0,,,,0,0,0,0,,0,0,0,0,0,0,0
01-07-73,0,0,0,,0,0,,,,,0,0,0,,0,0,0,0,,,,0,0,,0,0,0,0,,,0,0,0,0,,0,,,,0,0,0,0,,0,0,0,0,0,0,0
01-08-73,0,0,0,,0,0,,,,,0,0,0,,0,0,0,0,,,,0,0,,0,0,0,0,,,0,0,0,0,,0,,,,0,0,0,0,,0,0,0,0,0,0,0
01-09-73,0,0,0,,0,0,,,,,0,0,0,,0,0,0,0,,,,0,0,,0,0,0,0,,,1,0,0,0,,0,,,,0,0,0,0,,0,1,0,0,0,0,0
01-10-73,0,0,0,,0,0,,,,,0,0,0,,0,0,0,0,,,,0,0,,0,0,0,0,,,0,0,0,0,,0,,,,0,0,0,0,,0,0,0,0,0,0,0
01-11-73,1,0,0,,0,0,,,,,0,0,0,,1,0,0,0,,,,0,0,,0,0,0,0,,,0,0,0,0,,1,,,,0,-1,0,0,,0,0,0,1,0,0,0
01-12-73,0,0,0,,0,0,,,,,0,0,0,,0,0,0,0,,,,0,0,,0,0,1,0,,,0,0,0,0,,0,,,,0,0,0,0,,0,0,0,0,0,0,0
01-01-74,0,0,0,,1,0,,,,,0,0,0,,0,0,0,0,,,,0,1,,0,0,0,0,,,0,0,0,0,,0,,,,0,0,0,0,,1,0,0,0,0,0,0
01-02-74,0,1,0,,0,0,,,,,0,0,0,,0,1,0,0,,,,0,0,,1,0,0,0,,,0,0,0,0,,0,,,,0,0,0,0,,0,0,0,0,0,0,0
01-03-74,0,0,0,,0,1,,,,,0,0,0,,0,0,0,0,,,,0,0,,0,0,0,1,,,0,0,0,0,,0,,,,0,0,0,0,,0,0,0,0,0,0,0
01-04-74,0,0,1,,0,0,,,,,0,0,1,,0,0,0,0,,,,-1,0,,0,0,0,0,,,0,0,0,0,,0,,,,0,0,0,0,,0,0,0,0,0,0,0
01-05-74,0,0,0,,0,0,,,,,0,0,0,,0,0,0,0,,,,0,0,,0,0,0,0,,,0,1,0,1,,0,,,,0,0,0,0,,0,0,0,0,0,0,0
01-06-74,0,0,0,,0,0,,,,,0,0,0,,0,0,0,0,,,,0,0,,0,0,0,0,,,0,0,0,0,,0,,,,0,0,0,1,,0,0,0,0,0,0,0
01-07-74,0,0,0,,0,0,,,,,0,0,0,,0,0,0,0,,,,0,0,,0,0,0,0,,,0,0,0,0,,0,,,,0,0,0,0,,0,0,0,0,0,0,0
01-08-74,0,0,0,,0,0,,,,,0,0,0,,0,0,0,0,,,,0,0,,0,0,0,0,,,0,0,0,0,,0,,,,0,0,0,0,,0,0,0,0,0,0,0
01-09-74,0,0,0,,0,0,,,,,0,0,0,,0,0,0,-1,,,,0,0,,0,0,0,0,,,0,0,0,0,,0,,,,0,0,0,0,,0,0,0,0,0,0,0
01-10-74,0,0,0,,0,0,,,,,0,0,0,,0,0,0,0,,,,0,0,,0,0,0,0,,,0,0,0,0,,0,,,,0,0,0,0,,0,0,0,0,0,0,0
01-11-74,0,0,0,,0,0,,,,,0,0,0,,0,0,0,0,,,,0,0,,0,0,0,0,,,0,0,0,0,,0,,,,0,0,0,0,,0,0,0,0,0,0,0
01-12-74,0,0,0,,0,0,,,,,0,0,0,,0,0,0,0,,,,0,0,,0,0,0,0,,,0,0,0,0,,0,,,,1,0,0,0,,0,0,0,0,0,0,0
01-01-75,0,0,0,,0,0,,,,,0,0,0,,0,0,0,0,,,,0,0,,0,0,0,0,,,0,0,0,0,,0,,,,0,0,0,0,,0,0,0,0,0,0,0
01-02-75,0,0,0,,0,0,,,,,0,0,0,,0,0,0,0,,,,0,0,,0,-1,-1,0,,,0,0,0,0,,0,,,,0,0,0,0,,0,0,0,0,0,0,0
01-03-75,0,0,0,,0,0,,,,,0,0,0,,0,0,0,0,,,,0,0,,0,0,0,0,,,0,0,0,0,,0,,,,0,0,0,0,,0,0,0,0,0,0,0
01-04-75,0,0,0,,-1,0,,,,,0,0,0,,0,0,0,0,,,,1,0,,0,0,0,0,,,0,-1,0,0,,0,,,,0,0,-1,0,,0,0,0,0,0,0,-1
01-05-75,0,0,0,,0,0,,,,,0,-1,0,,0,0,0,0,,,,0,0,,0,0,0,0,,,0,0,-1,0,,0,,,,0,0,0,0,,0,0,-1,0,-1,-1,0
01-06-75,0,-1,0,,0,0,,,,,-1,0,0,,0,0,0,0,,,,0,0,,-1,0,0,0,,,0,0,0,0,,0,,,,0,0,0,0,,-1,0,0,0,0,0,0
01-07-75,0,0,-1,,0,0,,,,,0,0,0,,0,-1,0,0,,,,0,0,,0,0,0,0,,,0,0,0,0,,0,,,,0,0,0,0,,0,-1,0,-1,0,0,0
01-08-75,0,0,0,,0,0,,,,,0,0,0,,0,0,-1,0,,,,0,0,,0,0,0,0,,,0,0,0,0,,-1,,,,0,0,0,0,,0,0,0,0,0,0,0
01-09-75,0,0,0,,0,0,,,,,0,0,0,,0,0,0,0,,,,0,0,,0,0,0,-1,,,0,0,0,0,,0,,,,0,0,0,0,,0,0,0,0,0,0,0
01-10-75,-1,0,0,,0,0,,,,,0,0,-1,,0,0,0,0,,,,0,0,,0,0,0,0,,,0,0,0,0,,0,,,,0,0,0,0,,0,0,0,0,0,0,0
01-11-75,0,0,0,,0,0,,,,,0,0,0,,0,0,0,0,,,,0,0,,0,0,0,0,,,0,0,0,0,,0,,,,0,0,0,0,,0,0,0,0,0,0,0
01-12-75,0,0,0,,0,0,,,,,0,0,0,,0,0,0,0,,,,0,-1,,0,0,0,0,,,0,0,0,0,,0,,,,0,0,0,0,,0,0,0,0,0,0,0
01-01-76,0,0,0,,0,-1,,,,,0,0,0,,0,0,0,0,,,,0,0,,0,0,0,0,,,0,0,0,0,,0,,,,0,0,0,0,,0,0,0,0,0,0,0
01-02-76,0,0,0,,0,0,,,,,0,0,0,,0,0,0,0,,,,0,0,,0,0,0,0,,,0,0,0,0,,0,,,,0,0,0,0,,0,0,0,0,0,0,0
01-03-76,0,0,0,,0,0,,,,,0,0,0,,0,0,0,0,,,,0,0,,0,0,0,0,,,0,0,0,0,,0,,,,0,0,0,0,,0,0,0,0,0,0,0
01-04-76,0,0,0,,0,0,,,,,0,0,0,,0,0,0,0,,,,0,0,,0,0,0,0,,,0,0,0,0,,0,,,,0,0,0,0,,0,0,0,0,0,0,0
01-05-76,0,0,0,,0,0,,,,,0,0,0,,0,0,0,0,,,,0,0,,0,0,0,0,,,0,0,0,0,,0,,,,0,0,0,0,,0,0,0,0,0,0,0
01-06-76,0,0,0,,1,0,,,,,0,0,0,,0,0,0,0,,,,0,0,,0,0,0,0,,,0,0,0,0,,0,,,,0,0,0,0,,0,0,0,0,0,0,0
01-07-76,0,0,1,,0,0,,,,,0,0,0,,0,0,0,0,,,,0,0,,0,0,0,0,,,0,0,1,0,,0,,,,0,0,0,0,,0,0,0,0,0,0,0
01-08-76,1,0,0,,0,0,,,,,0,0,0,,0,0,0,0,,,,-1,0,,0,0,0,0,,,0,1,0,0,,0,,,,0,0,0,0,,0,0,0,0,0,0,0
01-09-76,0,0,0,,0,0,,,,,0,1,0,,0,0,0,0,,,,0,0,,0,0,0,0,,,0,0,0,0,,0,,,,0,1,0,0,,0,0,0,0,0,0,0
01-10-76,0,0,0,,0,0,,,,,0,0,0,,0,0,0,0,,,,0,0,,0,0,0,0,,,0,0,0,0,,0,,,,0,0,0,0,,0,0,0,0,0,0,0
01-11-76,0,0,0,,0,0,,,,,0,0,0,,0,0,0,0,,,,0,0,,1,0,0,0,,,0,0,0,0,,0,,,,0,0,0,0,,0,0,0,0,0,0,0
01-12-76,0,0,0,,0,0,,,,,0,0,0,,0,0,0,0,,,,0,0,,0,0,0,0,,,0,0,0,0,,0,,,,0,0,0,0,,1,1,0,0,0,0,0
01-01-77,0,0,0,,0,0,,,,,0,0,0,,0,0,0,0,,,,0,0,,0,0,0,0,,,0,0,0,0,,0,,,,0,0,0,0,,0,0,0,0,0,0,0
01-02-77,0,0,0,,0,0,,,,,0,0,0,,0,0,0,0,,,,0,0,,0,0,0,0,,,0,0,0,0,,0,,,,0,0,0,0,,0,0,0,0,0,0,0
01-03-77,0,0,0,,0,0,,,,,0,0,0,,0,0,0,0,,,,0,0,,0,0,0,0,,,0,0,0,0,,0,,,,0,0,0,0,,0,0,0,0,0,0,0
01-04-77,0,0,0,,0,0,,,,,0,0,0,,0,0,0,0,,,,0,0,,0,0,0,0,,,0,0,0,0,,0,,,,0,0,0,0,,0,0,0,0,0,0,0
01-05-77,0,0,0,,0,0,,,,,0,0,0,,0,0,0,0,,,,0,0,,0,0,0,0,,,0,-1,0,0,,0,,,,0,0,0,0,,0,0,0,0,0,0,0
01-06-77,0,0,0,,0,0,,,,,0,0,0,,0,0,0,0,,,,0,0,,0,0,0,0,,,0,0,0,0,,0,,,,0,0,0,0,,0,0,0,0,0,0,0
01-07-77,0,0,0,,-1,0,,,,,0,0,0,,0,0,0,0,,,,0,0,,0,0,0,0,,,-1,0,0,0,,0,,,,0,0,0,0,,0,0,0,0,0,0,0
01-08-77,0,1,-1,,0,0,,,,,0,0,0,,0,0,0,0,,,,0,0,,0,0,0,0,,,0,0,0,0,,0,,,,0,0,0,0,,0,0,0,0,0,0,0
01-09-77,0,0,0,,0,0,,,,,0,0,0,,0,0,0,0,,,,0,0,,0,0,0,0,,,0,0,0,0,,0,,,,0,0,0,0,,-1,-1,0,0,0,0,0
01-10-77,0,0,0,,0,0,,,,,0,0,0,,0,0,0,0,,,,0,0,,-1,0,0,0,,,0,0,0,0,,0,,,,-1,0,0,-1,,0,0,0,0,0,0,0
01-11-77,0,0,0,,0,0,,,,,0,0,0,,0,0,0,0,,,,0,0,,0,0,0,0,,,0,0,0,0,,0,,,,0,0,0,0,,0,0,0,0,0,0,0
01-12-77,0,0,0,,0,0,,,,,0,0,0,,0,0,0,0,,,,0,0,,0,0,0,0,,,0,0,0,0,,0,,,,0,0,0,0,,0,0,0,0,0,0,0
01-01-78,0,0,0,,0,0,,0,,,0,0,0,,-1,0,0,0,,,,0,0,,0,0,0,0,,,0,0,0,0,,0,,,,0,0,0,0,0,0,0,0,0,0,0,0
01-02-78,-1,0,0,,0,0,,0,,,0,0,1,,0,0,0,0,,,,0,0,,0,0,0,0,,,0,0,0,0,,0,,,,0,0,0,0,0,0,0,0,0,0,0,0
01-03-78,0,0,0,,0,0,,0,,,0,-1,0,,0,0,0,0,,,,0,0,,0,0,0,0,,,0,0,0,0,,0,,,,0,0,0,0,0,0,0,0,0,0,0,0
01-04-78,0,0,0,,0,0,,0,,,0,0,0,,0,0,0,0,,,,0,0,,0,0,0,0,,,0,0,0,0,,0,,,,0,0,0,0,0,0,0,0,0,0,0,0
01-05-78,0,-1,0,,0,0,,0,,,0,0,0,,0,0,0,0,,,,0,0,,0,0,0,0,,,0,0,0,0,,0,,,,0,0,0,0,0,0,0,0,0,0,0,0
01-06-78,0,0,0,,0,0,,0,,,0,0,0,,0,0,0,0,,,,1,0,,0,0,0,0,,,0,0,0,0,,0,,,,0,0,0,0,0,0,0,0,0,0,0,0
01-07-78,0,0,0,,0,0,,0,,,0,0,0,,0,0,0,0,,,,0,0,,0,0,0,0,,,0,0,0,0,,0,,,,0,0,0,0,0,0,0,0,0,0,0,0
01-08-78,0,0,0,,0,0,,0,,,0,0,0,,0,0,0,0,,,,0,0,,0,0,0,0,,,0,0,0,0,,0,,,,0,0,0,0,0,0,0,0,0,0,0,0
01-09-78,0,0,0,,0,0,,0,,,0,0,0,,0,0,0,0,,,,0,0,,0,0,0,0,,,0,0,0,0,,0,,,,0,0,0,0,0,0,0,0,0,0,0,0
01-10-78,0,0,0,,0,0,,0,,,0,0,0,,0,0,0,0,,,,0,0,,0,0,0,0,,,0,0,0,0,,0,,,,0,0,0,0,0,0,0,0,0,0,0,0
01-11-78,0,0,0,,0,0,,0,,,0,0,0,,0,0,0,0,,,,0,0,,0,0,0,0,,,0,0,0,0,,0,,,,0,0,1,0,0,0,0,0,0,0,0,1
01-12-78,0,0,0,,0,0,,0,,,0,0,0,,0,0,0,0,,,,0,0,,0,0,0,0,,,0,0,0,0,,0,,,,0,0,0,0,0,0,0,0,0,0,0,0
01-01-79,0,0,0,,0,0,,-1,,,0,0,0,,0,0,0,0,,,,0,0,,0,0,0,0,,,0,0,0,0,,0,,,,0,0,0,0,0,0,0,0,0,0,0,0
01-02-79,0,0,0,,0,0,,0,,,0,0,0,,0,0,0,1,,,,0,0,,0,0,0,0,,,0,0,-1,0,,0,,,,0,0,0,0,0,0,0,0,0,0,0,0
01-03-79,0,0,0,,0,0,,0,,,0,0,0,,0,0,0,0,,,,0,0,,0,0,1,0,,,0,0,0,0,,0,,,,0,0,0,0,0,0,0,0,0,0,0,0
01-04-79,0,0,0,,0,0,,0,,,0,0,0,,0,0,0,0,,,,0,0,,0,0,0,0,,,0,0,0,0,,0,,,,0,0,0,0,0,0,0,0,0,0,0,0
01-05-79,0,0,0,,0,0,,0,,,0,0,-1,,0,0,0,0,,,,0,0,,0,0,0,0,,,0,0,0,0,,0,,,,0,0,0,0,0,0,0,0,0,0,0,0
01-06-79,0,0,0,,0,0,,0,,,0,0,0,,0,0,1,0,,,,0,0,,0,1,0,0,,,0,0,0,0,,0,,,,0,0,0,0,0,0,0,0,0,0,0,0
01-07-79,0,0,0,,0,0,,0,,,0,0,0,,0,0,0,0,,,,0,0,,0,0,0,0,,,0,0,0,0,,0,,,,0,0,0,0,0,0,0,0,0,0,0,0
01-08-79,0,0,0,,0,0,,0,,,0,0,0,,0,0,0,0,,,,0,0,,0,0,0,0,,,0,0,0,0,,0,,,,0,0,0,0,1,0,0,1,0,0,0,0
01-09-79,0,0,0,,0,0,,0,,,0,0,0,,0,0,0,0,,,,0,0,,0,0,0,0,,,0,0,0,0,,0,,,,0,0,0,0,0,0,0,0,0,0,1,0
01-10-79,0,0,0,,0,0,,0,,,0,0,0,,0,0,0,0,,,,0,0,,0,0,0,0,,,0,0,0,0,,0,,,,0,0,0,0,0,0,0,0,0,1,0,0
01-11-79,0,0,0,,0,0,,0,,,1,0,0,,0,0,0,0,,,,0,0,,0,0,0,1,,,0,1,0,0,,0,,,,0,0,0,0,0,0,1,0,0,0,0,0
01-12-79,0,0,0,,0,0,,0,,,0,1,0,,0,1,0,0,,,,0,0,,1,0,0,0,,,0,0,0,0,,0,,,,0,0,0,0,0,0,0,0,1,0,0,0
01-01-80,0,1,0,,0,0,,0,,,0,0,0,,0,0,0,0,,,,0,0,,0,0,0,0,,,0,0,0,0,,0,,,,1,0,0,0,0,1,0,0,0,0,0,0
01-02-80,0,0,0,,0,0,,1,,,0,0,0,,0,0,0,0,,,,0,0,,0,0,0,0,,,0,0,1,0,,1,,,,0,0,0,0,0,0,0,0,0,0,0,0
01-03-80,0,0,1,,0,0,,0,,,0,0,0,,0,0,0,0,,,,0,0,,0,0,0,0,,,0,0,0,0,,0,,,,0,0,0,0,0,0,0,0,0,0,0,0
01-04-80,0,0,0,,0,0,,0,,,0,0,0,,0,0,0,0,,,,0,0,,0,0,0,0,,,0,0,0,0,,0,,,,0,0,0,0,0,0,0,0,0,0,0,0
01-05-80,0,0,0,,0,0,,0,,,0,0,1,,0,0,0,0,,,,0,0,,0,-1,0,0,,,0,0,0,0,,0,,,,0,0,0,0,0,0,0,0,0,0,0,0
01-06-80,0,0,0,,0,0,,0,,,0,0,0,,0,0,0,0,,,,0,0,,0,0,0,0,,,0,0,0,0,,0,,,,0,0,0,0,0,0,0,0,0,0,0,0
01-07-80,0,0,0,,0,0,,0,,,0,0,0,,0,0,0,0,,,,0,0,,0,0,0,0,,,0,0,0,0,,0,,,,0,-1,0,0,0,0,0,0,0,0,0,-1
01-08-80,0,0,0,,0,0,,0,,,0,0,0,,1,0,0,0,,,,0,0,,0,0,0,0,,,0,0,0,0,,0,,,,0,0,0,0,0,0,0,0,0,0,0,0
01-09-80,0,0,0,,0,0,,0,,,0,0,0,,0,0,0,0,,,,0,0,,0,0,0,0,,,0,0,0,0,,0,,,,0,0,0,0,0,0,0,0,0,0,0,0
01-10-80,0,0,0,,0,0,,0,,,0,0,0,,0,0,0,0,,,,0,0,,0,0,0,0,,,0,0,0,0,,0,,,,0,0,0,0,0,0,0,0,0,0,0,0
01-11-80,0,0,0,,0,0,,0,,,0,0,0,,0,0,0,0,,,,0,0,,0,0,0,0,,,0,0,0,0,,0,,,,0,0,0,0,0,0,0,0,0,0,0,0
01-12-80,0,0,0,,0,0,,0,,,0,0,0,,0,0,0,0,,,,0,0,,0,0,-1,0,,,0,0,0,0,,0,,,,0,0,0,0,0,0,0,0,0,0,0,0
01-01-81,0,0,0,,0,0,,0,,,0,0,0,,0,-1,0,0,,,,0,0,,0,0,0,0,,,0,0,0,0,,0,,,,0,0,0,0,0,0,0,0,0,0,0,0
01-02-81,0,0,0,,0,0,,0,,,0,0,0,,0,0,0,0,,,,0,0,,0,0,0,0,,,0,0,0,0,,0,,,,0,0,0,0,0,0,0,0,0,0,0,0
01-03-81,0,0,0,,0,0,,0,,,0,0,0,,0,0,-1,-1,,,,0,0,,0,0,0,0,,,0,0,0,0,,0,,,,0,0,0,0,0,0,0,0,0,0,0,0
01-04-81,0,0,0,,0,0,,0,,,0,0,0,,0,0,0,0,,,,0,0,,0,0,0,0,,,0,0,0,0,,0,,,,0,0,0,0,0,0,0,0,0,0,0,1
01-05-81,0,0,0,,1,0,,0,,,0,0,0,,0,0,0,0,,,,0,0,,0,0,0,0,,,0,0,0,0,,0,,,,0,0,0,0,0,0,0,0,0,0,0,0
01-06-81,0,0,0,,0,0,,0,,,0,0,0,,0,0,0,0,,,,0,0,,0,0,0,0,,,0,0,0,0,,0,,,,0,0,0,0,0,0,0,0,0,0,0,0
01-07-81,0,0,0,,0,1,,0,,,0,0,0,,0,0,0,0,,,,0,0,,0,0,0,0,,,0,0,0,0,,0,,,,0,0,0,0,0,0,0,0,0,0,0,0
01-08-81,1,0,0,,0,0,,0,,,0,0,0,,0,0,0,0,,,,0,0,,0,0,0,0,,,1,0,0,0,,0,,,,0,0,0,0,0,0,0,0,0,0,0,0
01-09-81,0,0,0,,0,0,,0,,,0,-1,0,,0,0,0,0,,,,0,0,,0,0,0,0,,,0,0,0,0,,0,,,,0,0,0,1,0,0,0,0,0,0,0,0
01-10-81,0,-1,0,,0,0,,0,,,0,0,0,,0,0,0,0,,,,0,0,,0,0,0,0,,,0,0,0,0,,0,,,,0,0,0,0,0,0,0,0,0,0,0,0
01-11-81,0,0,0,,0,0,,0,,,0,0,0,,0,0,0,0,,,,0,0,,0,0,0,0,,,0,0,0,0,,0,,,,0,0,0,0,0,0,0,0,0,0,0,0
01-12-81,0,0,0,,0,0,,0,,,0,0,0,,0,0,0,1,,,,0,1,,0,0,0,0,,,0,0,0,0,,0,,,,0,0,0,0,0,0,0,0,0,0,0,0
01-01-82,0,0,0,,0,0,,0,,,0,0,0,,0,0,0,0,,,,0,0,,0,0,0,0,,,0,0,0,0,,0,,,,0,0,0,0,0,0,0,0,0,0,0,0
01-02-82,0,0,0,,0,0,,0,,,0,0,0,,-1,0,0,0,,,,0,0,,0,0,0,0,,,0,0,0,0,,0,,,,0,0,0,0,0,0,0,0,0,0,0,0
01-03-82,0,0,0,,0,0,,0,,,0,0,0,,0,0,0,0,,,,0,0,,0,1,0,0,,,0,0,0,0,,0,,,,0,0,0,0,0,0,0,0,0,0,0,0
01-04-82,0,0,0,,0,0,,0,,,0,0,0,,0,0,0,0,,,,0,0,,0,0,0,0,,,0,0,0,0,,0,,,,0,0,0,0,0,0,0,0,0,0,0,0
01-05-82,0,0,0,,0,0,,0,,,0,0,0,,0,1,0,0,,,,0,0,,0,0,0,0,,,0,0,0,0,,0,,,,0,0,0,0,0,0,0,0,0,0,0,0
01-06-82,0,0,0,,0,0,,0,,,0,0,0,,0,0,0,0,,,,0,0,,0,0,0,0,,,0,0,0,0,,0,,,,0,0,0,0,0,0,0,0,0,0,0,0
01-07-82,0,0,0,,0,0,,0,,,0,0,0,,0,0,0,0,,,,0,0,,0,0,0,0,,,0,0,0,0,,0,,,,0,0,0,0,0,0,0,0,0,0,0,0
01-08-82,0,0,0,,0,0,,0,,,0,0,0,,0,0,0,0,,,,0,0,,0,0,0,0,,,0,0,0,0,,0,,,,0,0,0,0,0,0,0,0,0,0,0,0
01-09-82,0,0,0,,0,0,,0,,,0,0,0,,0,0,0,0,,,,0,0,,0,0,0,0,,,0,0,0,0,,0,,,,0,0,0,0,0,0,0,0,0,0,0,0
01-10-82,0,0,0,,0,0,,0,,,-1,0,0,,0,0,0,0,,,,0,0,,0,0,0,0,,,0,0,-1,0,,0,,,,0,0,0,0,0,0,0,0,0,0,0,0
01-11-82,0,0,0,,-1,0,,-1,,,0,0,0,,1,0,0,0,,,,0,0,,0,0,0,0,,,0,0,0,0,,0,,,,0,0,-1,0,0,0,-1,-1,-1,0,0,0
01-12-82,0,0,0,,0,0,,0,,,0,0,0,,0,0,0,0,,,,0,0,,0,0,0,0,,,0,-1,0,0,,0,,,,0,0,0,0,0,-1,0,0,0,-1,-1,-1
01-01-83,0,0,0,,0,0,,0,,,0,0,0,,0,0,0,0,,,,0,0,,0,0,0,0,,,0,0,0,0,,0,,,,0,0,0,0,0,0,0,0,0,0,0,0
01-02-83,0,0,0,,0,0,,0,,,0,0,0,,0,0,0,0,,,,0,0,,0,0,0,0,,,0,0,0,-1,,0,,,,0,0,0,0,0,0,0,0,0,0,0,0
01-03-83,0,0,0,,0,0,,0,,,0,0,0,,0,0,0,0,,,,0,0,,-1,0,0,-1,,,0,0,0,0,,0,,,,0,0,0,0,-1,0,0,0,0,0,0,0
01-04-83,-1,0,0,,0,0,,0,,,0,0,0,,0,0,0,0,,,,0,0,,0,0,0,0,,,0,0,0,0,,0,,,,-1,0,0,-1,0,0,0,0,0,0,0,0
01-05-83,0,0,0,,0,0,,0,,,0,0,0,,0,0,0,-1,,,,0,0,,0,-1,0,0,,,0,0,0,0,,0,,,,0,0,0,0,0,0,0,0,0,0,0,0
01-06-83,0,0,0,,0,0,,0,,,0,0,0,,0,0,0,0,,,,0,0,,0,0,0,0,,,-1,0,0,0,,0,,,,0,0,0,0,0,0,0,0,0,0,0,0
01-07-83,0,0,0,,0,0,,0,,,0,0,0,,0,0,0,0,,,,-1,0,,0,0,0,0,,,0,0,0,0,,0,,,,0,0,0,0,0,0,0,0,0,0,0,0
01-08-83,0,0,0,,0,0,,0,,,0,0,0,,0,0,0,0,,,,0,0,,0,0,0,0,,,0,0,0,0,,0,,,,0,0,0,0,0,0,0,0,0,0,0,0
01-09-83,0,1,0,,0,-1,,0,,,0,0,0,,0,0,0,0,,,,0,-1,,0,0,0,0,,,0,0,0,0,,0,,,,0,0,0,0,0,0,0,0,0,0,0,0
01-10-83,0,0,0,,0,0,,0,,,0,0,0,,0,0,1,0,,,,0,0,,0,0,0,0,,,0,0,0,0,,0,,,,0,0,0,0,0,0,0,0,0,0,0,0
01-11-83,0,0,0,,0,0,,0,,,0,0,0,,0,0,0,0,,,,0,0,,0,0,0,0,,,0,0,0,0,,0,,,,0,0,0,0,0,0,0,0,0,0,0,0
01-12-83,0,0,0,,0,0,,0,,,0,0,0,,0,0,0,0,,,,0,0,,0,0,0,0,,,0,0,0,0,,0,,,,0,0,0,0,0,0,0,0,0,0,0,0
01-01-84,0,0,0,,0,0,,0,,,0,0,0,,0,0,0,0,,,,0,0,,0,0,0,0,,,0,0,0,0,,0,,,,0,0,0,0,0,0,0,0,0,0,0,0
01-02-84,0,0,0,,0,0,,0,,,0,0,0,,0,0,0,0,,,,0,0,,0,0,0,0,,,0,0,0,0,,0,,,,1,0,0,0,0,0,0,0,0,0,0,0
01-03-84,0,0,0,,0,0,,0,,,0,0,0,,0,0,0,0,,,,0,0,,0,0,0,0,,,0,0,0,0,,0,,,,0,0,0,0,0,0,0,0,0,0,0,0
01-04-84,0,0,0,,0,0,,0,,,0,0,0,,0,0,0,0,,,,0,0,,0,0,1,0,,,0,0,0,0,,0,,,,0,0,0,0,0,0,0,0,0,0,0,0
01-05-84,0,0,0,,0,0,,0,,,0,0,0,,0,0,0,0,,,,0,0,,0,0,0,1,,,0,0,0,0,,-1,,,,0,0,0,1,0,0,0,0,0,0,0,0
01-06-84,0,-1,0,,0,0,,0,,,0,0,0,,0,0,0,0,,,,0,0,,0,0,0,0,,,0,0,0,0,,0,,,,0,1,0,0,0,0,0,0,0,0,0,0
01-07-84,0,0,0,,0,0,,0,,,0,0,0,,0,0,-1,0,,,,0,0,,0,0,0,0,,,0,0,0,0,,0,,,,0,0,1,0,0,0,0,0,0,0,0,0
01-08-84,0,0,0,,0,0,,0,,,0,0,0,,0,0,0,0,,,,0,0,,0,0,0,0,,,0,0,0,0,,0,,,,0,0,0,0,0,0,0,0,0,0,0,0
01-09-84,0,0,0,,0,0,,0,,,0,0,0,,0,0,0,0,,,,0,0,,0,0,0,0,,,0,0,0,0,,0,,,,0,0,0,0,0,0,0,0,0,0,0,0
01-10-84,0,0,0,,0,0,,0,,,0,0,0,,0,0,0,0,,,,0,0,,0,0,0,0,,,0,0,0,0,,0,,,,0,0,0,0,0,0,0,0,0,0,0,0
01-11-84,0,0,0,,0,0,,0,,,0,0,0,,0,0,0,0,,,,0,0,,0,0,0,0,,,0,0,0,0,,0,,,,0,0,0,0,0,0,0,0,0,0,0,0
01-12-84,0,0,0,,0,0,,0,,,0,0,0,,0,0,0,0,,,,0,0,,0,0,0,0,,,0,0,0,0,,0,,,,0,0,0,0,0,0,0,0,0,0,0,0
01-01-85,0,0,0,,0,0,,0,,,0,0,0,,0,0,0,0,,,,0,0,,0,0,0,0,,,0,0,0,1,,0,,,,0,0,0,0,0,0,0,0,0,0,0,0
01-02-85,0,0,0,,0,0,,0,,,0,0,0,,0,0,0,0,,,,1,0,,0,0,0,0,,,0,0,0,0,,0,,,,0,0,0,0,0,0,0,0,0,0,0,0
01-03-85,0,0,0,,0,0,,0,,,0,0,0,,0,0,0,0,,,,0,0,,0,0,0,0,,,0,0,0,0,,0,,,,0,0,0,0,0,0,0,0,0,0,0,0
01-04-85,0,0,0,,0,0,,1,,,0,0,0,,0,0,0,0,,,,0,0,,0,0,0,0,,,0,0,0,0,,0,,,,0,0,0,0,0,0,0,0,0,0,0,0
01-05-85,0,0,0,,0,1,,0,,,0,0,0,,0,0,0,0,,,,0,0,,0,0,0,0,,,0,0,0,0,,0,,,,0,0,0,0,0,0,0,0,0,0,0,0
01-06-85,0,0,0,,0,0,,0,,,0,0,0,,0,0,0,0,,,,0,0,,0,0,0,-1,,,0,0,0,0,,0,,,,0,0,0,0,1,0,0,0,0,0,0,0
01-07-85,1,0,0,,0,0,,0,,,0,0,0,,0,0,0,0,,,,0,0,,0,0,0,0,,,1,0,0,0,,0,,,,0,0,0,0,0,0,0,0,0,0,0,0
01-08-85,0,0,0,,0,0,,0,,,0,0,0,,0,0,0,0,,,,0,0,,0,0,0,0,,,0,0,0,0,,0,,,,0,-1,0,0,0,0,0,0,0,1,0,0
01-09-85,0,0,0,,0,0,,0,,,1,0,0,,0,0,0,0,,,,0,0,,0,1,0,0,,,0,0,0,0,,0,,,,0,0,0,0,0,0,0,1,0,0,1,1
01-10-85,0,0,0,,0,0,,0,,,0,0,0,,0,0,0,0,,,,0,0,,0,0,0,0,,,0,0,0,0,,0,,,,0,0,0,0,0,0,0,0,0,0,0,0
01-11-85,0,0,0,,1,0,,0,,,0,0,0,,0,0,0,1,,,,0,0,,0,0,0,0,,,0,0,0,0,,0,,,,0,0,0,0,0,0,0,0,0,0,0,0
01-12-85,0,0,0,,0,0,,0,,,0,0,0,,0,0,0,0,,,,0,0,,0,0,-1,0,,,0,0,0,0,,0,,,,0,0,0,0,0,0,0,0,0,0,0,0
01-01-86,0,0,0,,0,0,,0,,,0,1,0,,0,0,0,0,,,,0,0,,0,0,0,0,,,0,0,0,0,,0,,,,0,0,0,0,0,0,0,0,0,0,0,0
01-02-86,0,0,0,,0,0,,0,,,0,0,0,,0,0,0,0,,,,0,0,,0,0,0,0,,,0,0,0,0,,0,,,,0,0,0,0,0,0,0,0,0,0,0,0
01-03-86,0,0,0,,0,0,,0,,,0,0,0,,-1,0,0,0,,,,0,0,,0,0,0,0,,,0,0,0,0,,0,,,,0,0,0,0,0,0,0,0,0,0,0,0
01-04-86,0,0,0,,0,0,,-1,,,0,0,0,,0,0,0,0,,,,0,0,,0,0,0,0,,,0,0,0,0,,0,,,,0,0,0,0,0,0,0,0,0,0,0,0
01-05-86,0,1,0,,0,0,,0,,,0,0,0,,0,0,0,0,,,,0,0,,0,0,0,0,,,0,1,0,0,,0,,,,0,0,0,0,0,0,0,0,0,0,0,0
01-06-86,0,0,0,,0,0,,0,,,0,0,0,,0,0,0,0,,,,0,0,,0,0,0,0,,,0,0,0,0,,0,,,,0,0,0,-1,0,0,0,0,0,0,0,0
01-07-86,0,0,0,,0,0,,0,,,0,0,0,,0,0,0,0,,,,0,0,,0,0,0,1,,,0,0,0,0,,0,,,,0,0,0,0,0,0,0,0,0,0,0,0
01-08-86,-1,0,0,,0,0,,0,,,0,0,0,,0,0,0,0,,,,0,0,,0,0,0,0,,,0,0,0,0,,0,,,,0,0,0,0,0,0,0,0,0,0,0,0
01-09-86,0,0,0,,0,0,,0,,,0,0,0,,0,0,0,0,,,,-1,0,,0,0,0,0,,,0,0,0,0,,0,,,,0,0,0,0,0,0,0,0,0,0,0,0
01-10-86,0,0,0,,0,0,,0,,,0,0,-1,,0,0,0,0,,,,0,0,,0,0,0,0,,,0,0,1,0,,0,,,,0,0,0,0,0,0,0,0,0,0,0,0
01-11-86,0,0,0,,-1,0,,0,,,0,0,0,,0,0,0,0,,,,0,0,,0,0,0,0,,,-1,0,0,0,,0,,,,0,0,0,0,0,0,0,0,0,0,0,0
01-12-86,0,0,0,,0,0,,0,,,0,0,0,,0,0,0,0,,,,0,0,,0,0,0,0,,,0,0,0,0,,0,,,,-1,0,0,0,0,0,0,0,0,0,0,0
01-01-87,0,0,0,,0,0,,0,,,0,0,0,,0,0,0,0,,,,0,0,,0,0,0,0,,,0,0,0,0,,0,,,,0,0,0,0,0,0,0,0,0,0,0,-1
01-02-87,0,0,-1,,0,0,,0,,,0,0,0,,0,0,0,0,,,,0,0,,0,-1,0,0,,,0,-1,0,-1,,0,,,,0,0,0,0,-1,0,0,-1,0,-1,-1,0
01-03-87,0,0,0,,0,-1,,0,,,0,0,0,,0,-1,0,0,,,,0,0,,0,0,0,0,,,0,0,0,0,,0,,,,0,0,-1,0,0,0,0,0,0,0,0,0
01-04-87,0,0,0,,0,0,,0,,,-1,0,0,,0,0,0,0,,,,0,0,,0,0,0,0,,,0,0,0,0,,0,,,,0,0,0,0,0,0,0,0,0,0,0,0
01-05-87,0,0,0,,0,0,,0,,,0,0,0,,0,0,0,0,,,,0,0,,0,0,0,0,,,0,0,0,0,,0,,,,0,0,0,0,0,0,0,0,0,0,0,0
01-06-87,0,0,0,,0,0,,0,,,0,0,0,,0,0,0,-1,,,,0,0,,0,0,0,0,,,0,0,0,0,,0,,,,0,0,0,0,0,0,0,0,0,0,0,0
01-07-87,0,0,0,,0,0,,0,,,0,0,0,,0,0,0,0,,,,0,0,,0,0,0,0,,,0,0,0,0,,0,,,,0,0,0,0,0,0,0,0,0,0,0,0
01-08-87,0,0,0,,0,0,,0,,,0,0,0,,0,0,0,0,,,,0,1,,0,0,0,0,,,0,0,0,0,,0,,,,0,0,0,0,0,0,0,0,0,0,0,0
01-09-87,0,0,0,,0,0,,0,,,0,0,0,,0,0,0,0,,,,0,0,,0,0,0,0,,,0,0,0,0,,0,,,,0,0,0,0,0,0,0,0,0,0,0,0
01-10-87,0,0,0,,0,0,,0,,,0,0,0,,0,0,0,0,,,,0,0,,0,0,0,-1,,,0,0,0,0,,0,,,,0,0,0,0,0,0,0,0,0,0,0,0
01-11-87,0,0,0,,0,0,,0,,,0,0,0,,0,0,0,0,,,,0,0,,0,0,0,0,,,0,0,0,0,,0,,,,0,1,0,0,0,0,0,0,0,0,0,0
01-12-87,0,0,0,,0,0,,0,,,0,0,0,,0,0,0,0,,,,0,0,,0,0,0,0,,,0,0,0,0,,0,,,,0,0,0,0,0,0,0,0,0,0,0,0
01-01-88,0,0,0,,0,0,,0,,,0,0,0,,0,0,0,0,,,,0,0,,0,0,0,0,,,0,0,0,0,,0,,,,0,0,0,0,0,0,0,0,0,0,0,0
01-02-88,0,0,0,,0,0,,0,,,0,0,0,,0,0,0,0,,,,0,0,,0,0,1,0,,,0,0,0,0,,0,,,,0,0,0,0,0,0,0,0,0,0,0,0
01-03-88,0,-1,0,,0,0,,0,,,0,0,0,,0,0,0,0,,,,0,0,,0,0,0,0,,,0,0,0,0,,0,,,,0,0,0,0,0,0,0,0,0,0,0,0
01-04-88,0,0,0,,0,0,,0,,,0,0,0,,0,0,0,0,,,,0,0,,0,0,0,0,,,0,0,0,0,,0,,,,0,0,0,0,0,0,0,0,0,0,0,0
01-05-88,0,0,0,,0,0,,0,,,0,0,0,,0,0,0,0,,,,0,0,,0,0,0,0,,,0,0,0,0,,0,,,,0,0,0,0,0,0,0,0,0,0,0,0
01-06-88,0,0,0,,0,0,,0,,,0,0,0,,0,0,0,0,,,,0,0,,0,0,0,0,,,0,0,0,0,,0,,,,0,0,0,0,0,0,0,0,0,0,0,0
01-07-88,0,0,0,,0,0,,0,,,0,0,0,,0,0,0,0,,,,0,0,,0,0,0,0,,,0,0,0,0,,0,,,,0,0,0,0,0,0,0,0,0,0,0,0
01-08-88,0,0,0,,0,0,,0,,,0,0,0,,0,0,0,0,,,,0,0,,0,0,0,0,,,0,0,0,0,,0,,,,0,0,0,0,0,0,0,0,0,0,0,0
01-09-88,0,0,0,,0,0,,1,,,0,0,0,,0,0,0,0,,,,0,0,,0,0,0,0,,,0,0,0,0,,0,,,,0,0,0,0,0,0,0,0,0,0,0,0
01-10-88,0,0,0,,0,0,,0,,,0,0,0,,0,0,0,0,,,,0,0,,0,0,0,0,,,0,0,0,0,,0,,,,0,0,0,0,1,0,0,0,0,0,0,0
01-11-88,0,0,0,,0,0,,0,,,0,0,0,,0,0,0,0,,,,0,0,,0,0,0,0,,,0,0,0,0,,0,,,,0,0,0,0,0,0,0,0,0,0,0,0
01-12-88,0,0,0,,0,0,,0,,,0,0,0,,0,0,1,0,,,,0,0,,0,0,0,0,,,0,0,0,0,,0,,,,0,0,0,0,0,0,0,0,0,0,0,0
01-01-89,0,0,0,,0,0,,0,,,0,0,0,,0,0,0,0,,,,0,0,,0,0,0,0,,,0,0,0,0,,0,,,,0,0,0,0,0,0,0,0,0,1,0,0
01-02-89,0,0,0,,0,0,,0,,,0,0,0,,0,0,0,0,,,,0,0,,0,0,0,0,,,0,0,-1,1,,0,,,,0,0,0,0,0,0,0,0,0,0,0,0
01-03-89,0,0,0,,0,0,,0,,,0,0,0,,0,0,0,0,,,,0,0,,0,0,0,0,,,0,0,0,0,,0,,,,0,0,0,0,0,0,0,0,0,0,0,0
01-04-89,0,0,0,,0,0,,0,,,0,0,0,,0,0,0,0,,,,0,0,,0,0,0,0,,,0,0,0,0,,0,,,,0,0,0,0,0,0,0,0,0,0,0,0
01-05-89,0,0,0,,1,0,,0,,,0,0,0,,0,0,0,0,,,,0,0,,0,0,0,0,,,0,0,0,0,,0,,,,0,-1,0,1,0,0,0,0,0,0,0,0
01-06-89,0,0,0,,0,0,,0,,,0,0,0,,0,0,0,0,,,,0,0,,0,0,-1,0,,,0,0,0,0,,0,,,,0,0,1,0,0,0,0,0,0,0,0,0
01-07-89,1,0,0,,0,0,,0,,,0,0,0,,0,0,0,0,,,,0,0,,0,0,0,0,,,0,0,0,0,,0,,,,0,0,0,0,0,0,0,0,0,0,0,0
01-08-89,0,0,0,,0,0,,0,,,0,0,0,,0,0,0,0,,,,0,0,,0,0,0,0,,,0,0,0,0,,0,,,,0,0,0,0,0,0,0,0,0,0,0,0
01-09-89,0,0,0,,0,0,,0,,,0,0,0,,0,0,0,0,,,,0,0,,0,0,0,0,,,0,0,0,0,,0,,,,0,0,0,0,0,0,0,0,0,0,0,0
01-10-89,0,0,0,,0,0,,0,,,0,0,0,,0,0,0,0,,,,0,0,,0,0,0,0,,,0,0,0,0,,0,,,,0,0,0,0,0,0,0,0,0,0,0,0
01-11-89,0,0,0,,0,0,,0,,,0,0,0,,0,0,0,1,,,,0,0,,0,0,0,0,,,0,0,0,0,,0,,,,0,0,0,0,0,0,0,0,0,0,0,0
01-12-89,0,0,0,,0,0,,0,,,0,0,0,,0,0,0,0,,,,0,0,,1,0,0,0,,,0,0,0,0,,0,,,,0,0,0,0,0,0,0,0,0,0,0,0
01-01-90,0,0,0,,0,0,,0,,,0,0,0,,1,1,0,0,,,,0,0,,0,0,0,0,,,0,0,0,0,,0,,,,1,0,0,0,0,0,0,0,0,0,0,0
01-02-90,0,0,1,,0,0,,0,,,0,0,0,,0,0,0,0,,0,,0,0,,0,0,0,0,,,0,0,0,0,,0,,,,0,0,0,0,-1,0,0,0,0,0,0,0
01-03-90,0,0,0,,0,0,,0,,,0,0,0,,0,0,0,0,,0,,0,0,,0,0,0,0,,,0,0,0,0,,0,,,,0,0,0,0,0,0,0,0,0,0,0,1
01-04-90,0,0,0,,0,1,,0,,,0,0,0,,0,0,0,0,,0,,0,0,,0,0,0,0,,,0,0,0,0,,0,,,,0,0,0,0,0,0,0,1,1,0,0,0
01-05-90,0,0,0,,0,0,,-1,,,0,0,0,,0,0,0,0,,0,,0,0,,0,0,0,0,,,0,0,0,0,,0,,,,0,0,0,0,0,0,0,0,0,0,1,0
01-06-90,0,0,0,,0,0,,0,,,0,0,0,,0,0,0,0,,0,,0,0,,0,0,0,0,,,0,0,0,0,,0,,,,0,0,0,0,0,0,0,0,0,0,0,0
01-07-90,0,0,0,,0,0,,0,,,0,0,0,,0,0,0,0,,0,,1,0,,0,0,0,0,,,0,0,0,0,,0,,,,0,0,0,0,0,0,0,0,0,0,0,0
01-08-90,0,0,0,,0,0,,0,,,0,0,0,,0,0,0,-1,,0,,0,0,,0,1,0,0,,,0,0,0,0,,0,,,,0,0,0,0,0,0,0,0,0,0,0,0
01-09-90,0,0,0,,0,0,,0,,,0,0,0,,0,0,0,0,,0,,0,0,,0,0,0,0,,,0,1,0,0,,0,,,,0,0,0,0,0,0,0,0,0,0,0,0
01-10-90,0,0,0,,0,0,,0,,,0,0,0,,0,0,0,0,,0,,0,0,,0,0,0,0,,,0,0,0,0,,1,,,,0,0,0,0,0,0,0,0,0,0,0,0
01-11-90,0,0,0,,0,0,,0,,,0,0,0,,0,0,0,0,,0,,0,0,,0,0,0,0,,,0,0,0,0,,0,,,,0,0,0,0,0,0,0,0,0,0,0,0
01-12-90,0,0,0,,0,0,,0,,,0,0,0,,0,0,0,0,,0,,0,0,,0,0,0,0,,,0,0,0,0,,0,,,,0,0,0,0,0,0,0,0,0,0,0,0
01-01-91,0,0,0,,0,0,,0,,,0,-1,0,,0,0,0,0,,0,,0,0,,0,0,0,0,,,0,0,0,0,,0,,,,0,0,0,0,0,0,0,0,0,0,0,0
01-02-91,0,0,0,,0,0,,0,,,0,0,0,,0,0,0,0,,0,,0,0,,0,0,0,0,,,0,0,0,0,,0,,,,0,0,0,0,0,1,1,0,0,0,0,0
01-03-91,0,0,0,,0,0,,0,,,1,0,0,,0,0,0,0,,0,,0,0,,0,0,0,0,,,0,0,0,0,,0,,,,0,0,0,0,0,0,0,0,0,0,0,0
01-04-91,0,0,0,,0,0,,0,,,0,0,0,,0,0,0,0,,0,,0,0,,0,0,0,0,,,0,0,0,0,,0,,,,0,0,0,0,1,0,0,0,0,0,0,0
01-05-91,0,0,0,,0,0,,0,,,0,0,0,,0,0,0,0,,0,,0,0,,0,0,0,0,,,0,0,0,0,,0,,,,0,0,0,0,0,0,0,0,0,0,0,0
01-06-91,0,0,0,,0,0,,0,,,0,0,0,,0,0,0,0,,0,,0,0,,0,0,0,0,,,0,0,0,0,,0,,,,0,0,0,0,0,0,0,0,0,0,0,0
01-07-91,0,0,0,,0,0,,0,,,0,0,0,,0,0,0,0,,0,,0,0,,0,0,0,1,,,0,0,0,0,,0,,,,0,0,0,0,0,0,0,0,0,0,0,0
01-08-91,0,0,0,,0,0,,0,,,0,0,0,,0,0,0,0,,0,,0,0,,0,0,0,0,,,0,0,0,0,,0,,,,0,0,0,0,0,0,0,0,0,0,0,0
01-09-91,0,0,0,,0,0,,0,,,0,0,0,,0,0,0,0,,0,,0,0,,0,0,0,0,,,0,0,0,0,,0,,,,0,0,-1,0,0,0,0,0,0,0,0,-1
01-10-91,0,1,0,,0,0,,0,,,0,0,1,,0,0,0,0,,0,,0,0,,0,0,0,0,,,0,0,0,0,,0,,,,0,0,0,0,0,0,0,0,0,0,0,0
01-11-91,0,0,0,,0,0,,0,,,0,0,0,,0,0,0,0,,0,,0,0,,0,0,1,0,,,0,0,0,0,,0,,,,0,0,0,0,0,0,0,0,0,0,0,0
01-12-91,0,0,0,,0,0,,0,,,0,0,0,,0,0,0,1,,0,,0,0,,0,0,0,0,,,0,0,0,0,,0,,,,0,0,0,0,0,0,0,0,0,0,0,0
01-01-92,-1,0,0,,0,0,,0,,,0,0,0,,0,0,0,0,,0,,0,0,,0,0,0,0,,,0,0,0,0,,0,,,,0,0,0,0,0,0,0,0,0,0,0,0
01-02-92,0,0,0,,0,0,,0,,,0,0,0,,0,0,0,0,,0,,0,0,,0,0,0,0,,,0,0,0,0,,0,,,,0,0,0,0,0,0,0,0,0,0,0,0
01-03-92,0,0,0,,0,0,,0,,,0,0,0,,0,0,0,0,,0,,0,0,,0,0,0,0,,,0,0,0,0,,0,,,,0,0,0,0,0,0,0,0,0,0,0,0
01-04-92,0,0,0,,0,0,,0,,,0,0,0,,0,0,0,0,,0,,0,0,,0,0,0,0,,,0,0,0,0,,0,,,,0,0,0,0,0,0,0,0,0,0,0,0
01-05-92,0,0,0,,-1,0,,0,,,0,0,0,,0,0,0,0,,0,,0,0,,0,0,0,0,,,0,0,1,0,,0,,,,0,0,0,0,0,0,0,0,0,0,0,0
01-06-92,0,0,0,,0,0,,0,,,0,0,0,,0,0,-1,0,,0,,0,0,,0,0,0,0,,,0,0,0,0,,0,,,,0,0,0,0,0,0,0,0,0,0,0,0
01-07-92,0,0,0,,0,0,,0,,,0,0,0,,0,0,0,0,,0,,0,0,,0,0,0,0,,,0,0,0,0,,0,,,,0,0,0,0,0,0,0,0,0,0,0,0
01-08-92,0,0,0,,0,0,,0,,,0,0,0,,0,0,0,0,,0,,0,0,,0,0,0,0,,,0,0,0,0,,0,,,,0,0,0,0,0,0,0,0,0,0,0,0
01-09-92,0,0,0,,0,0,,0,,,0,1,0,,0,0,0,0,,0,,0,0,,0,0,0,0,,,0,0,0,0,,0,,,,0,0,0,0,0,0,0,0,0,0,0,0
01-10-92,0,0,0,,0,0,,0,,,0,0,0,,0,0,0,0,,0,,0,-1,,0,0,0,-1,,,0,0,0,-1,,0,,,,0,0,0,0,0,0,0,0,0,0,0,0
01-11-92,0,0,0,,0,0,,0,,,0,0,0,,0,0,0,0,,0,,0,0,,0,0,0,0,,,0,0,0,0,,0,,,,0,0,0,0,0,0,0,0,0,0,0,0
01-12-92,0,0,0,,0,0,,0,,,0,0,0,,0,0,0,0,,0,,0,0,,0,0,-1,0,,,0,0,0,0,,0,,,,0,0,0,-1,0,0,0,0,0,0,0,0
01-01-93,0,0,0,,0,-1,,0,,,0,0,0,,0,0,0,0,,0,,0,0,,0,0,0,0,,,0,0,0,0,,0,,,,0,0,0,0,0,0,0,0,0,0,0,0
01-02-93,0,0,0,,0,0,,0,,,0,0,0,,0,0,0,0,,0,,0,0,,0,0,0,0,,,0,0,0,0,,0,,0,,0,0,0,0,0,0,0,0,0,0,0,0
01-03-93,0,0,0,,0,0,,0,,,0,0,0,,-1,0,0,0,,-1,,0,0,,0,0,0,0,,,0,0,-1,0,,0,,0,,-1,0,0,0,0,0,0,0,0,0,0,0
01-04-93,0,-1,-1,,0,0,,0,,,0,0,0,,0,0,0,0,,0,,0,0,,0,0,0,0,,,0,0,0,0,,0,,0,,0,0,0,0,0,0,0,0,0,0,0,0
01-05-93,0,0,0,,0,0,,0,,,0,0,0,,0,0,0,0,,0,,0,0,,0,0,0,0,,,0,0,0,0,,0,,0,,0,0,0,0,0,0,0,0,0,0,0,0
01-06-93,0,0,0,,0,0,,0,,,0,0,-1,,0,0,0,0,,0,,0,0,,0,0,0,0,,,0,0,0,0,,0,,0,,0,0,0,0,0,0,0,0,-1,0,0,0
01-07-93,0,0,0,,0,0,,0,,,0,-1,0,,0,0,0,0,,0,,0,0,,0,0,0,0,,,0,0,0,0,,0,,0,,0,0,0,0,0,0,0,0,0,-1,-1,0
01-08-93,0,0,0,,0,0,,0,,,0,0,0,,0,0,0,0,,0,,0,0,,-1,0,0,0,,,0,0,0,0,,0,,0,,0,1,0,0,0,-1,-1,-1,0,0,0,0
01-09-93,0,0,0,,0,0,,0,,,-1,0,0,,0,-1,0,0,,0,,0,0,,0,0,0,0,,,0,0,0,0,,0,,-1,,0,0,0,0,-1,0,0,0,0,0,0,0
01-10-93,0,0,0,,0,0,,0,,,0,0,0,,0,0,0,0,,0,,0,0,,0,0,0,0,,,0,0,0,0,,0,,0,,0,0,0,0,0,0,0,0,0,0,0,0
01-11-93,0,0,0,,0,0,,0,,,0,0,0,,0,0,0,0,,0,,0,0,,0,0,0,0,,,0,0,0,0,,0,,0,,0,0,0,0,0,0,0,0,0,0,0,0
01-12-93,0,0,0,,0,0,,0,,,0,0,0,,0,0,0,-1,,0,,0,0,,0,0,0,0,,,0,-1,0,0,,-1,,0,,0,0,0,0,0,0,0,0,0,0,0,0
01-01-94,0,0,0,,0,0,,0,,,0,0,0,,0,0,0,0,,0,,0,0,,0,0,0,0,,,0,0,0,0,,0,,0,,0,0,0,0,0,0,0,0,0,0,0,0
01-02-94,0,0,0,,0,0,,0,0,,0,0,0,,0,0,0,0,,0,,0,0,,0,0,0,1,,,0,0,0,0,,0,,0,,0,0,0,0,0,0,0,0,0,0,0,0
01-03-94,0,0,0,,0,0,,0,0,,0,0,0,,0,0,0,0,,0,,-1,0,,0,0,0,0,,,0,0,0,0,,0,,0,,0,0,0,0,0,0,0,0,0,0,0,0
01-04-94,0,0,0,,0,0,,0,0,,0,0,0,,0,0,0,0,,0,,0,0,,0,0,0,0,,,0,0,0,0,,0,,0,,0,0,0,0,0,0,0,0,0,0,0,0
01-05-94,0,0,0,,0,0,,0,0,,0,0,0,,0,0,0,0,,0,,0,1,,0,0,0,0,,,0,0,0,0,,0,,0,,0,0,0,0,0,0,0,0,0,0,0,0
01-06-94,0,0,0,,0,0,,0,0,,0,0,0,,0,0,0,0,,0,,0,0,,0,0,0,0,,,0,0,0,0,,0,,0,,0,0,0,0,0,0,0,0,0,0,0,0
01-07-94,1,0,0,,0,0,,0,0,,0,0,0,,0,0,0,0,,0,,0,0,,0,0,0,0,,,0,0,0,0,,0,,0,,0,-1,0,0,0,0,0,0,0,0,0,0
01-08-94,0,0,0,,0,0,,0,0,,0,0,0,,0,0,0,0,,0,,0,0,,0,0,0,0,,,1,0,0,0,,0,,0,,0,0,0,0,0,0,0,0,0,0,0,1
01-09-94,0,0,0,,0,0,,1,0,,0,0,0,,0,0,1,0,,0,,0,0,,0,0,0,0,,,0,0,0,0,,0,,0,,0,0,1,0,0,0,0,0,0,0,0,0
01-10-94,0,0,0,,0,0,,0,0,,0,0,0,,0,0,0,0,,0,,0,0,,0,-1,0,0,,,0,0,0,0,,0,,0,,0,0,0,0,0,0,0,0,0,0,0,0
01-11-94,0,0,0,,0,0,,0,0,,0,0,0,,0,0,0,0,,0,,0,0,,0,0,0,0,,,0,0,0,0,,0,,0,,0,0,0,0,0,0,0,0,0,1,0,0
01-12-94,0,0,1,,1,0,,0,0,,1,1,0,,0,0,0,0,,0,,0,0,,0,0,0,0,,,0,0,0,0,,0,,0,,0,0,0,0,0,0,0,0,0,0,0,0
01-01-95,0,0,0,,0,0,,0,0,,0,0,0,,0,0,0,0,,0,,0,0,,0,0,0,0,,,0,0,0,0,,0,,0,,0,0,0,0,0,0,0,0,0,0,0,0
01-02-95,0,0,0,,0,0,0,0,0,0,0,0,0,0,0,0,0,0,0,0,,0,0,0,0,0,0,0,0,0,0,0,0,0,0,0,0,0,,0,0,0,0,0,0,1,0,0,0,0,0
01-03-95,0,1,0,,0,0,0,0,0,0,0,0,0,0,0,1,0,0,0,0,,0,0,0,0,0,0,0,0,0,0,0,0,0,0,0,0,0,,0,0,0,0,0,0,0,0,0,0,0,0
01-04-95,0,0,0,,0,0,0,0,0,0,0,0,0,0,0,0,0,0,0,0,,1,0,0,0,0,0,0,0,0,0,0,0,0,0,0,0,0,,0,0,0,0,0,1,0,0,0,0,0,0
01-05-95,0,0,0,,0,0,0,0,0,0,0,0,0,0,1,0,0,0,0,0,,0,0,0,0,0,0,0,0,0,0,0,0,0,0,0,0,0,,0,0,0,0,0,0,0,0,0,0,0,0
01-06-95,0,0,0,,0,0,0,0,0,0,0,0,0,0,0,0,0,0,0,0,,0,0,0,0,0,0,0,0,0,0,0,0,1,0,0,0,0,,0,0,0,0,0,0,0,0,0,0,0,0
01-07-95,0,0,0,,0,0,0,0,0,0,0,0,0,0,0,0,0,0,0,0,,0,0,0,0,0,0,0,0,0,-1,0,0,0,0,0,0,0,,0,0,0,0,0,0,0,0,0,0,0,0
01-08-95,0,0,0,,0,0,0,0,0,0,0,0,0,0,0,0,0,0,0,0,,0,-1,0,0,0,0,0,0,0,0,0,0,0,0,0,0,0,,0,0,0,0,0,0,0,0,0,0,0,0
01-09-95,0,0,0,,0,0,0,0,0,0,0,0,0,0,0,0,0,0,0,0,,0,0,0,0,0,0,0,0,0,0,0,0,0,0,0,0,0,,0,0,0,0,0,0,0,0,0,0,0,0
01-10-95,0,0,0,,0,0,0,0,0,0,0,0,0,0,0,0,0,0,0,0,,0,0,0,0,0,0,0,0,0,0,0,0,0,0,0,0,0,,1,0,0,0,0,0,0,0,0,0,0,0
01-11-95,0,0,0,,0,0,0,0,0,0,0,0,0,0,0,0,0,0,0,0,,0,0,0,1,0,0,0,0,0,0,0,0,0,0,0,0,0,,0,0,0,0,0,0,0,0,0,0,0,-1
01-12-95,0,0,0,,0,0,0,0,0,0,0,-1,0,0,0,0,0,0,0,0,,0,0,0,0,0,0,0,0,0,0,0,0,0,0,0,0,0,,0,0,-1,0,0,0,0,0,0,-1,0,0
01-01-96,0,0,0,,0,0,0,0,0,0,0,0,0,0,0,0,0,0,0,0,,0,0,0,0,0,0,0,0,0,0,0,0,0,0,0,0,0,0,0,0,0,0,0,0,0,0,0,0,0,0
01-02-96,0,0,0,0,0,0,0,0,0,0,-1,0,0,-1,0,0,0,0,0,0,,0,0,0,0,0,0,0,0,0,0,0,0,0,0,0,0,0,0,0,0,0,0,0,0,0,0,0,0,0,0
01-03-96,0,0,0,0,0,0,0,0,0,0,0,0,0,0,0,0,0,0,0,0,,0,0,0,0,0,0,0,0,0,0,0,0,0,0,0,0,0,0,0,0,0,0,0,0,0,0,0,0,0,0
01-04-96,0,0,0,0,0,0,0,0,0,0,0,0,0,0,0,0,0,0,0,0,,0,0,0,0,0,0,0,0,-1,0,0,0,0,1,0,0,0,0,0,0,0,0,0,0,0,0,0,0,0,0
01-05-96,0,0,0,0,0,0,0,0,0,0,0,0,0,0,0,0,-1,0,0,0,0,0,0,0,0,0,0,0,-1,0,0,0,0,0,0,0,0,0,0,0,0,0,0,0,0,0,0,0,0,0,0
01-06-96,0,0,0,0,0,0,0,0,0,0,0,0,0,0,0,0,0,0,0,0,0,0,0,0,0,0,0,0,0,0,0,0,0,0,0,0,0,0,0,0,0,0,0,0,0,0,0,0,0,0,0
01-07-96,0,0,-1,0,0,0,0,0,0,0,0,0,0,0,0,0,0,0,0,0,0,0,0,0,0,0,0,0,0,0,0,0,0,0,0,0,0,0,0,0,0,0,0,0,0,0,0,0,0,0,0
01-08-96,0,0,0,0,-1,0,0,0,0,1,0,0,0,0,-1,0,0,0,0,0,0,0,0,0,0,0,0,0,0,0,0,0,0,0,0,0,0,0,0,0,0,0,0,0,0,0,0,0,0,0,0
01-09-96,0,0,0,0,0,0,0,0,0,0,0,0,0,0,0,0,0,0,-1,0,0,0,0,0,0,0,0,-1,0,0,0,0,0,0,0,0,0,0,0,0,0,0,0,0,0,0,0,0,0,0,0
01-10-96,0,0,0,0,0,0,0,0,0,0,0,0,0,0,0,0,0,0,0,0,0,-1,0,0,0,0,0,0,0,0,0,0,0,0,0,0,-1,0,0,0,0,0,0,0,0,0,0,0,0,0,0
01-11-96,-1,0,0,0,0,0,0,0,0,0,0,0,0,0,0,0,0,0,0,0,0,0,0,0,0,0,0,0,0,0,0,0,0,0,0,0,0,0,0,-1,0,0,1,0,0,0,0,0,0,0,0
01-12-96,0,0,0,0,0,0,0,0,0,0,0,0,0,0,0,0,0,0,0,0,0,0,0,1,0,1,0,0,0,0,0,0,0,0,0,0,0,0,0,0,0,0,0,1,0,-1,0,0,0,0,0
01-01-97,0,0,0,0,0,0,0,0,0,0,0,0,0,0,0,0,0,0,0,0,0,0,0,0,-1,0,0,0,0,0,0,0,0,0,0,0,0,0,0,0,0,0,0,0,-1,0,0,0,0,0,0
01-02-97,0,0,0,0,0,0,0,0,0,0,0,0,0,0,0,-1,0,0,0,0,0,0,0,0,0,0,0,0,0,0,0,0,0,0,0,0,0,0,0,0,0,0,0,0,0,0,0,0,0,0,0
01-03-97,0,0,0,0,0,0,0,0,0,0,0,0,0,0,0,0,0,0,0,0,0,0,0,0,0,0,0,0,0,0,0,0,0,0,0,0,0,0,0,0,0,0,0,0,0,0,0,0,0,0,0
01-04-97,0,-1,0,0,0,0,0,0,0,0,0,0,0,0,0,0,0,0,0,0,0,0,0,0,0,0,0,0,0,0,0,0,0,0,0,0,0,0,0,0,0,0,0,0,0,0,0,0,0,0,0
01-05-97,0,0,0,0,0,0,0,0,0,0,0,1,0,0,0,0,0,0,0,0,0,0,0,0,0,0,0,0,0,0,0,0,0,0,0,0,0,0,0,0,0,0,0,0,0,0,0,0,0,0,0
01-06-97,0,0,0,0,0,0,0,0,0,0,0,0,0,0,0,0,0,0,0,0,0,0,0,0,0,0,1,0,0,0,0,0,0,0,0,0,0,0,0,0,0,0,0,0,0,0,0,0,0,0,0
01-07-97,0,0,0,0,0,0,0,0,0,0,0,0,0,0,0,0,0,0,0,0,0,0,0,0,0,0,0,0,0,0,0,0,0,0,0,0,0,1,1,0,0,0,0,0,0,0,0,0,0,0,0
01-08-97,0,0,0,0,0,0,0,0,0,0,0,0,0,0,0,0,0,0,0,1,0,0,0,0,0,0,0,0,0,0,0,0,0,0,0,0,0,0,0,0,0,0,0,0,0,0,0,0,0,0,0
01-09-97,0,0,1,1,0,0,0,0,0,0,0,0,0,0,0,0,0,0,0,0,0,0,0,0,0,0,0,0,0,0,0,0,0,0,0,0,1,0,0,0,0,0,0,0,0,0,0,0,1,0,0
01-10-97,0,0,0,0,0,0,0,0,0,0,0,0,0,0,0,0,0,0,0,0,-1,0,0,0,0,0,0,0,0,0,0,0,0,0,0,0,0,0,0,0,0,0,0,0,0,0,1,0,0,1,0
01-11-97,0,0,0,0,0,0,0,0,0,0,0,0,0,0,0,0,0,0,0,0,0,0,0,0,1,0,0,0,0,0,0,0,0,0,0,0,0,0,0,0,0,0,0,0,0,0,0,0,0,0,0
01-12-97,0,0,0,0,0,0,1,0,0,0,0,0,0,1,0,0,0,0,0,0,0,0,0,0,0,0,0,0,0,0,0,0,0,0,0,0,0,0,0,0,0,0,0,0,0,0,0,0,0,0,0
01-01-98,0,0,0,0,0,0,0,0,1,0,1,0,0,0,0,0,0,1,0,0,0,0,0,0,0,0,0,0,0,0,0,0,0,0,0,0,0,0,0,0,0,0,0,0,1,1,0,0,0,0,0
01-02-98,0,0,0,0,0,0,0,0,0,0,0,0,0,0,0,0,0,0,0,0,0,0,0,0,0,0,0,0,0,0,0,0,1,0,0,0,0,0,0,0,1,0,0,0,0,0,0,1,0,0,0
01-03-98,0,0,0,0,0,0,0,0,0,0,0,0,0,0,0,0,1,0,0,0,0,0,0,0,0,0,0,0,0,1,0,0,0,0,0,0,0,0,0,0,0,0,0,0,0,0,0,0,0,0,0
01-04-98,0,0,0,0,0,0,0,0,0,0,0,0,0,0,0,0,0,0,0,0,0,0,0,0,0,0,0,0,0,0,0,0,0,0,0,0,0,0,0,0,0,0,0,0,0,0,0,0,0,0,0
01-05-98,0,0,0,0,0,1,0,0,0,0,0,-1,0,0,0,0,0,0,0,0,0,0,0,0,0,0,0,0,0,0,0,0,0,0,0,0,0,0,0,0,0,0,0,0,0,0,0,0,0,0,0
01-06-98,0,0,0,0,0,0,0,0,0,0,0,0,0,0,0,0,0,0,1,0,0,0,0,0,0,0,0,0,1,0,0,0,0,-1,0,0,0,0,0,0,0,0,0,0,0,0,0,0,0,0,0
01-07-98,0,0,0,0,0,0,0,0,0,0,0,0,0,0,0,0,0,0,0,0,0,0,0,0,0,0,-1,0,0,0,0,0,0,0,0,0,0,0,0,0,0,0,0,0,0,0,0,0,0,0,0
01-08-98,0,0,0,0,0,0,0,0,0,0,0,0,0,0,0,0,0,0,0,0,0,0,0,0,0,0,0,0,0,0,0,0,0,0,0,0,0,0,0,0,0,0,0,-1,0,0,0,0,0,0,0
01-09-98,0,0,0,0,0,0,0,0,0,0,0,0,0,0,0,0,0,0,0,0,0,0,0,0,0,0,0,0,0,0,0,0,0,0,0,0,0,0,-1,0,0,0,0,0,0,0,0,0,0,0,0
01-10-98,0,0,0,0,0,0,0,0,0,0,0,0,0,0,0,0,0,0,0,-1,0,0,1,0,0,0,0,0,0,0,0,0,0,0,0,0,-1,0,0,0,0,0,0,0,0,0,0,0,0,0,0
01-11-98,0,0,-1,0,0,0,0,0,0,0,0,0,0,0,0,0,0,0,0,0,0,0,0,0,0,0,0,0,0,0,0,0,0,0,0,0,0,0,0,0,0,0,0,0,0,0,0,0,-1,0,0
01-12-98,0,0,0,0,0,0,0,0,0,0,-1,0,0,0,0,0,0,0,0,0,0,0,0,0,0,0,0,0,0,0,0,0,0,0,0,0,0,0,0,0,0,0,-1,0,0,0,0,0,0,0,0
01-01-99,0,0,0,0,0,0,0,0,0,0,0,0,0,0,0,0,0,0,0,0,0,0,0,-1,0,0,0,0,0,0,0,0,0,0,-1,0,0,0,0,0,0,0,0,0,-1,0,0,0,0,0,0
01-02-99,0,0,0,0,0,0,0,0,0,0,0,0,0,0,0,0,0,0,0,0,0,0,0,0,0,0,0,0,0,0,0,0,0,0,0,0,0,0,0,0,0,0,0,0,0,0,0,0,0,0,0
01-03-99,0,0,0,0,0,-1,0,0,0,0,0,0,0,0,0,0,0,0,0,0,0,0,0,0,-1,0,0,0,0,0,0,0,-1,0,0,0,0,0,0,0,0,0,0,0,0,-1,-1,0,0,-1,0
01-04-99,0,0,0,0,0,0,-1,0,0,-1,0,0,0,0,0,0,0,0,0,0,0,0,0,0,0,0,0,0,0,0,0,0,0,0,0,0,0,0,0,0,0,0,0,0,0,0,0,-1,0,0,0
01-05-99,0,0,0,0,0,0,0,0,-1,0,0,0,0,0,0,0,-1,0,0,0,0,0,0,0,0,-1,0,0,0,0,0,0,0,0,0,0,0,0,0,0,0,0,0,0,0,0,0,0,0,0,0
01-06-99,0,0,0,-1,0,0,0,0,0,0,0,0,0,0,0,0,0,0,0,0,0,0,0,0,0,0,0,0,0,0,0,0,0,0,0,0,0,0,0,0,0,0,0,0,0,0,0,0,0,0,0
01-07-99,0,0,0,0,0,0,0,0,0,0,0,0,0,-1,0,0,0,0,0,0,0,0,0,0,0,0,0,0,0,0,0,0,0,0,0,0,0,0,0,0,0,0,0,0,0,0,0,0,0,0,0
01-08-99,0,0,0,0,0,0,0,0,0,0,0,0,0,0,0,0,0,0,0,0,0,0,0,0,0,0,0,0,0,0,0,0,0,0,0,0,0,0,0,0,-1,0,0,0,0,0,0,0,0,0,0
01-09-99,0,0,0,0,0,0,0,0,0,0,0,0,0,0,0,0,0,0,0,0,0,0,0,0,0,0,0,0,0,0,0,0,0,0,0,0,0,0,0,0,0,0,0,0,0,0,0,0,0,0,0
01-10-99,0,0,0,0,0,0,0,0,0,0,0,0,0,0,0,0,0,0,0,0,0,0,0,0,0,0,0,0,0,0,0,0,0,0,0,0,0,0,0,0,0,0,0,0,0,0,0,0,0,0,0
01-11-99,0,0,0,0,0,0,0,0,0,0,0,0,0,0,0,0,0,0,0,0,0,0,0,0,0,0,0,0,-1,0,0,0,0,0,0,0,0,0,0,0,0,0,0,0,0,0,0,0,0,0,0
01-12-99,1,0,0,0,0,0,0,0,0,0,0,0,0,0,0,0,0,0,0,0,1,0,0,0,0,0,0,0,0,0,0,0,0,0,0,0,0,-1,0,0,0,0,0,0,0,0,0,0,0,0,0
01-01-00,0,0,0,0,0,0,0,0,0,0,0,0,0,0,0,0,0,0,0,0,0,0,0,0,0,0,0,0,0,0,0,0,0,0,0,0,0,0,0,0,0,0,0,0,0,0,0,0,0,0,0
01-02-00,0,0,0,0,0,0,0,0,0,0,0,0,0,0,0,0,0,-1,0,0,0,0,0,0,0,0,0,0,0,0,0,0,0,1,0,0,0,0,0,0,0,0,0,0,0,0,0,0,0,0,0
01-03-00,0,0,0,0,0,0,0,0,0,0,0,0,0,0,0,0,0,0,0,0,0,0,0,0,0,0,0,1,0,0,0,0,0,0,0,0,0,0,0,0,0,0,0,0,0,0,0,0,0,0,0
01-04-00,0,0,0,0,0,0,0,0,0,0,0,0,0,0,0,0,0,0,0,0,0,0,0,0,0,0,0,0,0,0,0,0,0,0,0,0,0,0,0,0,0,0,0,0,0,0,0,0,0,0,0
01-05-00,0,0,0,0,0,0,0,0,0,0,0,0,0,0,0,0,0,0,0,0,0,0,0,0,0,0,0,0,0,0,0,0,0,0,0,0,0,0,0,0,0,1,0,0,0,0,0,0,0,0,0
01-06-00,0,0,0,0,1,0,0,0,0,0,0,0,0,0,0,0,0,0,0,0,0,0,0,0,0,0,0,0,0,0,0,0,0,0,0,0,0,0,0,0,0,0,0,0,0,0,1,0,0,0,1
01-07-00,0,0,0,0,0,0,0,0,0,0,0,0,0,0,0,0,0,0,0,0,0,1,0,0,0,0,1,0,0,0,1,0,0,0,0,0,1,0,0,1,0,0,0,0,0,0,0,0,1,1,0
01-08-00,0,0,0,0,0,0,0,0,0,0,0,1,0,0,0,0,0,0,0,0,0,0,0,0,0,0,0,0,0,0,0,0,0,0,0,0,0,0,0,0,0,0,0,0,0,0,0,0,0,0,0
01-09-00,0,0,0,0,0,0,0,0,0,0,0,0,0,0,0,0,0,0,0,0,0,0,0,1,0,0,0,0,0,0,0,0,0,0,0,0,0,0,1,0,1,0,0,1,0,0,0,0,0,0,0
01-10-00,0,0,1,0,0,0,0,0,0,0,0,0,0,0,1,0,0,0,0,0,0,0,0,0,0,0,0,0,0,0,0,0,0,0,0,0,0,0,0,0,0,0,1,0,0,0,0,1,0,0,0
01-11-00,0,1,0,0,0,0,0,0,0,0,0,0,1,1,0,1,0,0,0,0,0,0,0,0,0,0,0,0,0,0,0,1,0,0,1,0,0,0,0,0,0,0,0,0,0,0,0,0,0,0,0
01-12-00,0,0,0,1,0,1,0,0,0,0,0,0,0,0,0,0,0,1,0,0,0,0,0,0,0,0,0,0,0,0,0,0,0,0,0,0,0,0,0,0,0,0,0,0,0,0,0,0,0,0,0
01-01-01,0,0,0,0,0,0,0,0,0,1,0,0,0,0,0,0,0,0,0,0,0,0,0,0,1,1,0,0,0,0,0,0,0,0,0,0,0,0,0,0,0,0,0,0,0,0,0,0,0,0,0
01-02-01,-1,0,0,0,0,0,1,0,0,0,0,0,0,0,0,0,0,0,0,0,0,0,0,0,0,0,0,0,0,0,0,0,0,-1,0,0,0,0,0,0,0,0,0,0,1,0,0,0,0,0,0
01-03-01,0,0,0,0,0,0,0,0,0,0,0,0,0,0,0,0,0,0,0,0,0,0,0,0,0,0,0,0,0,0,0,0,0,0,0,0,0,0,0,0,0,0,0,0,0,1,0,0,0,0,0
01-04-01,0,0,0,0,0,0,0,0,0,0,1,0,0,0,0,0,0,0,0,0,0,0,0,0,0,0,0,0,0,0,0,0,0,0,0,0,0,0,0,0,0,0,0,0,0,0,0,0,0,0,0
01-05-01,0,0,0,0,0,0,0,0,0,0,0,0,0,0,0,0,0,0,0,0,0,0,0,0,0,0,0,0,0,0,0,0,0,0,0,0,0,0,0,0,0,0,0,0,0,0,0,0,0,0,0
01-06-01,0,0,0,0,0,0,0,0,0,0,0,0,0,0,0,0,1,0,0,0,0,0,0,0,0,0,-1,0,0,0,0,0,0,0,0,0,0,0,0,0,0,0,0,0,0,0,0,0,0,0,0
01-07-01,0,0,0,0,0,0,0,0,0,0,0,0,0,0,0,0,0,0,0,0,0,0,0,0,0,0,0,0,0,0,0,0,0,0,0,0,0,0,0,0,0,0,0,0,0,0,0,0,0,0,0
01-08-01,0,0,0,0,0,0,0,0,0,0,0,0,0,0,0,0,0,0,0,0,0,0,0,0,0,0,0,0,0,0,0,0,0,0,0,0,0,0,0,0,0,0,0,0,0,0,0,0,0,0,0
01-09-01,0,0,0,0,0,0,0,0,0,0,0,0,0,0,0,0,0,0,0,0,0,0,0,0,0,0,0,0,0,0,0,0,1,0,0,0,0,0,0,0,0,0,0,0,0,0,0,0,0,0,0
01-10-01,0,0,0,0,-1,0,0,0,0,0,0,0,0,0,0,0,0,0,0,0,0,0,0,0,0,0,0,0,0,0,0,0,0,0,0,0,0,0,0,0,-1,0,0,0,0,0,0,0,0,0,0
01-11-01,0,0,0,0,0,0,0,0,0,0,0,0,0,0,0,0,0,0,0,0,0,0,0,0,0,0,0,0,0,0,0,0,0,0,0,0,0,0,0,0,0,0,0,0,0,0,0,0,0,0,0
01-12-01,0,0,0,0,0,0,0,0,0,0,0,0,0,0,0,0,0,0,0,0,0,0,0,0,0,0,0,0,0,0,0,0,0,0,0,1,0,0,0,0,0,0,0,0,0,0,0,0,0,0,0
01-01-02,0,0,0,0,0,0,0,-1,0,0,0,0,0,0,0,0,0,0,0,0,0,0,0,0,0,-1,0,0,0,0,0,0,0,0,0,0,0,0,0,0,0,0,0,-1,0,0,0,0,0,0,0
01-02-02,0,0,0,0,0,0,0,0,0,0,0,0,0,0,0,0,0,-1,0,0,0,0,0,0,0,0,0,0,0,0,0,0,0,0,0,0,0,0,0,0,0,0,0,0,0,0,0,0,0,0,0
01-03-02,0,0,0,0,0,0,0,0,0,0,0,0,0,0,0,0,0,0,0,0,0,0,0,0,0,0,0,0,0,0,0,0,0,0,0,0,0,0,0,0,0,0,0,0,0,0,0,0,0,0,0
01-04-02,0,0,0,0,0,0,0,0,0,0,0,0,0,0,0,0,0,0,0,0,0,0,0,0,0,0,0,0,0,0,0,0,0,0,0,0,0,0,0,0,0,0,0,0,0,0,0,0,0,0,0
01-05-02,0,0,0,0,0,0,0,0,0,0,0,0,0,0,0,0,0,0,0,0,0,0,0,0,0,0,0,0,0,0,0,0,0,0,0,0,0,0,0,0,0,0,0,0,0,0,0,0,0,0,0
01-06-02,1,0,0,0,0,0,0,0,0,0,0,0,0,0,0,0,0,0,0,0,0,0,0,0,0,0,0,0,0,0,0,0,0,0,0,0,0,0,0,0,0,0,0,0,0,0,0,0,0,0,0
01-07-02,0,0,0,0,1,0,0,0,0,0,0,0,0,0,0,0,0,0,0,0,0,0,0,0,0,0,0,0,0,0,0,0,0,0,0,0,0,0,0,0,0,0,0,0,0,0,0,0,0,0,0
01-08-02,0,0,0,0,0,0,0,0,0,0,0,0,0,0,0,0,-1,0,0,0,0,0,0,0,0,0,1,0,0,0,0,0,0,0,0,0,0,0,0,0,0,0,0,0,0,0,0,0,0,0,0
01-09-02,0,0,0,0,0,0,0,0,0,0,0,0,0,0,0,0,0,0,0,0,0,0,0,0,0,0,0,0,0,0,0,0,0,0,0,0,0,0,0,0,0,0,0,0,0,0,0,0,0,0,0
01-10-02,0,0,0,0,0,0,0,0,0,0,0,0,0,0,0,0,0,0,0,0,0,0,0,0,0,0,0,0,0,0,0,0,0,0,0,0,0,0,0,0,0,0,0,0,0,0,0,0,0,0,0
01-11-02,0,0,0,0,0,0,0,0,0,0,0,0,0,0,0,0,0,0,0,0,0,0,0,0,0,0,0,0,0,0,0,0,0,0,0,0,0,0,0,0,0,0,0,0,0,0,0,0,0,0,0
01-12-02,0,0,0,0,0,0,0,0,0,0,0,0,0,0,0,0,0,0,0,0,0,0,0,0,0,0,0,0,0,0,0,0,0,0,0,0,0,0,0,0,0,0,0,0,0,0,0,0,0,0,0
01-01-03,0,0,0,0,0,0,0,0,0,0,0,0,0,0,0,0,0,0,0,0,-1,0,0,0,0,0,0,0,0,0,0,0,0,0,-1,0,0,0,0,0,0,0,0,0,0,0,0,0,0,0,0
01-02-03,0,0,0,0,0,0,0,0,0,0,0,0,0,0,0,0,0,0,0,0,0,0,0,0,0,0,0,-1,0,0,0,0,0,0,0,0,0,0,0,0,0,-1,0,0,0,0,0,0,0,0,-1
01-03-03,0,0,0,0,0,0,0,0,0,0,0,0,0,0,-1,0,0,0,0,1,0,0,0,0,0,0,0,0,0,0,0,0,0,0,0,0,0,0,0,0,0,0,0,0,0,0,-1,0,0,0,0
01-04-03,-1,0,0,0,0,0,0,0,0,0,0,0,0,0,0,0,0,0,0,0,0,0,0,0,0,0,0,0,0,0,0,0,0,0,0,0,0,0,0,0,0,0,0,0,0,0,0,0,-1,-1,0
01-05-03,0,0,0,0,0,-1,0,0,0,0,0,0,0,0,0,0,0,0,-1,0,0,-1,0,0,0,0,0,0,0,0,0,0,0,0,0,0,0,0,0,0,0,0,0,0,0,-1,0,-1,0,0,0
01-06-03,0,0,0,0,0,0,0,0,0,0,0,0,0,0,0,-1,0,0,0,0,0,0,0,0,0,0,0,0,0,0,0,0,-1,0,0,-1,0,0,0,-1,0,0,0,0,-1,0,0,0,0,0,0
01-07-03,0,0,0,0,0,0,0,0,0,0,0,-1,0,0,0,0,0,0,0,0,0,0,0,0,-1,0,0,0,0,0,0,0,0,0,0,0,0,0,0,0,0,0,0,0,0,0,0,0,0,0,0
01-08-03,0,0,-1,-1,0,0,0,0,0,0,0,0,0,0,0,0,0,0,0,0,0,0,-1,0,0,0,0,0,0,0,-1,0,0,0,0,0,0,0,0,0,0,0,0,0,0,0,0,0,0,0,0
01-09-03,0,0,0,0,0,0,0,0,0,0,0,0,0,0,0,0,0,0,0,0,0,0,0,-1,0,0,0,0,1,0,0,0,0,0,0,0,0,0,0,0,0,0,0,0,0,0,0,0,0,0,0
01-10-03,0,0,0,0,-1,0,-1,0,0,0,0,0,0,0,0,0,0,0,0,0,0,0,0,0,0,0,0,0,0,0,0,0,0,0,0,0,0,0,0,0,0,0,0,0,0,0,0,0,0,0,0
01-11-03,0,-1,0,0,0,0,0,0,0,0,0,0,0,0,0,0,1,0,0,0,0,0,0,0,0,0,0,0,0,0,0,0,0,0,0,0,0,0,0,0,0,0,-1,0,0,0,0,0,0,0,0
01-12-03,0,0,0,0,0,0,0,0,0,0,0,0,0,0,0,0,0,0,0,0,0,0,0,0,0,0,0,0,0,0,0,0,0,0,0,0,0,0,0,0,0,0,0,0,0,0,0,0,0,0,0
01-01-04,0,0,0,0,0,0,0,0,0,0,0,0,0,0,0,0,0,0,0,0,0,0,0,0,0,0,0,0,0,0,0,0,0,0,0,0,0,0,0,0,0,0,0,0,0,0,0,0,0,0,0
01-02-04,0,0,0,0,0,0,0,1,0,0,0,0,0,0,0,0,0,1,0,0,0,0,0,0,0,0,0,0,0,0,0,0,0,0,0,0,0,0,0,0,0,0,0,1,0,0,0,0,0,0,0
01-03-04,0,0,0,0,0,0,0,0,0,-1,0,0,0,0,0,0,0,0,0,0,0,0,0,0,0,1,0,0,0,0,0,0,0,1,1,0,0,0,0,0,0,0,0,0,0,0,0,0,0,0,0
01-04-04,0,0,0,0,0,0,0,0,0,0,0,0,-1,0,0,0,0,0,0,-1,0,0,0,0,0,0,0,0,0,0,0,0,0,0,0,0,0,0,0,0,0,0,0,0,0,0,0,0,0,0,0
01-05-04,0,0,0,0,0,0,0,0,0,0,0,0,0,0,0,0,0,0,0,0,0,0,0,0,0,0,0,0,0,0,0,0,0,0,0,0,0,0,0,0,0,0,0,0,0,0,0,0,0,0,0
01-06-04,0,0,0,0,0,0,0,0,0,0,0,0,0,0,0,0,0,0,0,0,0,0,0,0,0,0,0,0,0,0,0,0,0,0,0,0,0,0,0,0,0,0,0,0,0,0,0,0,0,0,0
01-07-04,0,0,0,0,0,0,0,0,0,0,0,0,0,0,0,0,0,0,0,0,0,0,0,0,0,0,0,0,0,0,0,0,0,0,0,0,0,0,0,0,0,0,0,0,0,0,0,0,0,0,0
01-08-04,0,0,0,0,0,0,0,0,0,0,0,0,0,-1,0,0,0,0,0,0,0,0,0,0,0,0,0,0,0,0,0,0,0,0,0,0,0,0,0,0,0,0,0,0,0,0,0,0,0,0,0
01-09-04,0,0,0,1,0,0,0,0,0,0,0,0,0,0,0,0,0,0,0,0,0,0,0,0,0,0,0,0,-1,0,0,0,0,0,0,0,0,0,0,0,0,0,0,0,0,0,0,0,0,0,0
01-10-04,0,0,0,0,0,0,0,0,0,0,0,0,0,0,0,0,0,0,0,0,0,0,0,0,0,0,0,0,0,-1,0,0,0,0,0,0,0,0,0,0,0,0,0,0,0,0,0,0,0,0,0
01-11-04,0,0,0,0,0,0,0,0,0,0,0,0,0,0,0,0,-1,0,0,0,0,0,0,0,0,0,0,0,0,0,0,0,0,0,0,0,0,0,0,0,0,0,0,0,0,0,0,0,0,0,0
01-12-04,0,0,0,0,0,0,0,0,1,0,0,0,0,0,0,0,0,0,0,0,0,0,0,0,0,-1,0,0,0,0,0,0,0,0,0,0,0,0,0,0,0,0,0,0,0,0,0,0,0,0,0
01-01-05,0,0,0,0,0,0,0,0,0,0,0,0,0,0,0,0,0,0,0,0,0,0,0,0,0,0,-1,0,0,0,0,-1,0,-1,0,0,0,0,-1,0,0,0,0,-1,0,0,0,0,0,0,0
01-02-05,0,0,0,0,0,0,0,0,0,0,-1,0,0,0,0,0,0,0,0,0,0,0,0,0,0,0,0,0,0,0,0,0,0,0,0,0,0,0,0,0,0,0,0,0,0,0,0,0,0,0,0
01-03-05,0,0,0,0,0,0,0,-1,0,0,0,0,0,0,0,0,0,0,0,0,0,0,0,0,0,0,0,0,0,0,0,0,0,0,0,0,0,0,0,0,0,0,0,0,0,0,0,0,0,0,0
01-04-05,0,0,0,0,0,0,0,0,0,0,0,0,0,0,0,0,0,0,0,0,0,0,0,0,0,0,0,0,0,0,0,0,0,0,0,0,0,0,0,0,0,0,0,0,0,0,0,0,0,0,0
01-05-05,0,0,0,0,0,0,0,0,0,0,0,0,0,0,0,0,0,0,0,0,0,0,0,0,0,0,0,0,0,0,0,0,0,0,-1,0,-1,0,0,0,0,0,0,0,0,0,0,0,0,0,0
01-06-05,0,0,0,0,0,0,0,0,0,0,0,0,0,0,0,0,0,-1,0,0,0,0,0,0,0,0,0,0,0,0,0,0,0,0,0,0,0,0,0,0,0,0,0,0,0,0,0,0,0,0,0
01-07-05,0,0,0,0,0,0,0,0,0,0,0,0,0,0,0,0,0,0,0,0,0,0,0,0,0,0,0,0,0,0,0,0,0,0,0,0,0,0,0,0,0,0,0,0,0,0,0,0,0,0,0
01-08-05,0,0,0,0,0,0,0,0,0,0,0,0,0,0,0,0,0,0,0,0,0,0,0,0,0,0,0,0,0,0,0,0,0,0,0,0,0,0,0,0,0,0,0,0,0,0,0,0,0,0,0
01-09-05,0,0,0,0,0,0,0,0,-1,0,0,0,0,0,0,0,0,0,0,0,0,0,0,0,0,0,0,0,0,0,0,0,0,0,0,0,0,0,0,0,0,0,0,0,0,0,0,0,0,0,0
01-10-05,0,0,0,-1,0,0,0,0,0,0,0,0,0,0,0,0,0,0,0,0,0,0,0,0,0,0,0,0,0,0,0,0,0,0,0,0,0,0,0,0,0,0,0,0,0,0,0,0,0,0,0
01-11-05,0,0,0,0,0,0,0,0,0,0,0,0,0,0,0,0,0,0,0,0,0,0,0,0,0,0,0,0,0,0,0,0,0,0,0,0,0,0,0,0,0,0,0,0,0,0,0,0,0,0,0
01-12-05,0,0,0,0,0,0,0,0,0,0,0,0,0,0,0,0,0,0,0,0,0,0,0,0,0,0,0,0,0,0,0,0,0,0,0,0,0,0,0,0,0,0,0,0,0,0,0,0,0,0,0
01-01-06,0,0,0,0,0,0,0,0,0,0,0,0,0,0,0,0,0,0,0,0,0,0,0,0,0,0,0,0,0,0,0,0,0,0,0,0,0,0,0,0,0,0,0,0,0,0,0,0,0,0,0
01-02-06,0,0,0,0,0,0,0,0,0,0,0,0,0,0,0,0,0,0,0,0,0,0,0,0,0,0,0,0,0,0,0,0,0,0,0,0,0,0,0,0,0,0,0,0,0,0,0,0,0,0,0
01-03-06,0,0,0,0,0,0,0,0,0,0,0,0,0,0,0,0,0,0,0,0,0,0,0,0,0,0,0,0,0,0,0,0,0,0,0,0,0,0,0,0,0,0,0,0,0,0,0,0,0,0,0
01-04-06,0,0,0,0,0,0,0,0,0,0,0,0,0,0,0,0,0,0,0,0,0,0,0,0,0,0,0,0,0,0,0,0,0,0,0,0,0,0,0,0,0,0,0,0,0,0,0,0,0,0,0
01-05-06,0,0,0,0,0,0,0,0,0,0,0,0,0,0,0,0,0,0,0,0,0,0,0,0,0,0,0,0,0,0,0,0,0,0,0,0,0,0,0,0,0,0,0,0,0,0,0,0,0,0,0
01-06-06,0,0,0,0,0,0,0,0,0,0,0,0,0,0,0,0,0,0,0,0,0,0,0,0,0,0,0,0,0,0,0,0,0,0,0,0,0,0,0,0,0,0,0,0,0,0,0,0,0,0,0
01-07-06,0,0,0,0,0,0,0,0,0,0,0,1,0,0,0,0,0,0,0,0,0,0,0,0,0,0,0,0,0,0,0,0,0,0,0,0,0,0,0,0,0,0,0,0,0,0,0,0,0,0,0
01-08-06,0,0,0,0,0,0,0,0,0,0,0,0,0,0,0,0,0,0,0,0,0,0,0,0,0,0,0,0,0,0,0,0,0,0,0,0,0,0,0,0,0,0,0,0,0,0,0,0,0,0,0
01-09-06,0,0,0,0,0,0,0,0,0,0,0,0,0,0,0,0,0,0,1,0,0,0,0,0,0,0,0,0,0,0,0,0,0,0,0,0,0,0,0,0,0,0,0,0,0,0,0,0,0,0,0
01-10-06,0,0,0,0,0,0,0,0,0,0,0,0,0,0,0,0,0,0,0,0,0,0,0,0,0,0,0,0,0,0,0,0,0,0,0,0,0,0,0,0,0,0,0,0,0,0,0,0,0,0,0
01-11-06,0,0,0,0,0,0,0,0,0,0,0,0,0,0,0,0,0,0,0,0,0,0,0,0,0,0,0,0,0,0,0,0,0,0,0,0,0,0,0,0,0,0,0,0,0,0,0,0,0,0,0
01-12-06,0,0,0,0,0,0,0,0,0,0,0,0,0,0,0,0,0,0,0,0,0,0,0,0,0,0,0,0,0,0,0,0,0,0,0,0,0,0,0,0,0,0,0,0,0,0,0,0,0,0,0
01-01-07,0,0,0,0,0,0,0,0,0,0,0,0,0,0,0,0,0,0,0,0,0,0,0,0,0,0,0,0,0,0,0,0,0,0,0,0,0,0,0,0,0,0,0,0,0,0,0,0,0,0,0
01-02-07,0,0,0,0,0,0,0,0,0,0,0,0,0,0,0,0,0,0,0,0,0,0,0,0,0,0,0,0,0,0,0,0,0,0,0,0,0,0,0,0,0,0,0,0,0,0,0,0,0,0,0
01-03-07,0,0,0,0,0,0,0,0,0,0,0,0,0,0,0,0,0,0,0,0,0,1,0,0,0,0,0,0,0,0,0,0,0,0,0,0,0,0,0,0,0,0,0,0,0,0,0,0,0,0,0
01-04-07,0,0,0,0,0,0,0,0,0,0,0,0,0,0,0,0,0,0,0,0,0,0,0,0,0,0,0,0,0,0,0,0,0,0,0,0,0,0,0,0,0,0,0,0,0,0,0,0,0,0,0
01-05-07,0,0,0,0,0,0,0,0,0,0,0,0,0,1,0,0,0,0,0,0,0,0,0,0,0,0,0,0,0,0,0,0,0,0,0,0,0,0,0,0,0,0,0,0,0,0,0,0,0,0,0
01-06-07,0,0,0,0,0,0,0,0,0,0,0,0,0,0,0,0,0,0,0,0,0,0,0,0,0,0,0,0,0,0,0,0,0,0,0,0,0,0,0,0,0,0,0,0,0,0,0,0,0,0,0
01-07-07,0,0,0,0,0,0,0,0,0,0,0,0,0,0,0,0,0,0,0,0,0,0,0,0,0,0,0,1,0,0,0,0,0,0,0,0,0,0,0,0,0,0,0,0,0,0,0,0,0,0,0
01-08-07,0,0,0,0,1,0,0,0,0,0,0,0,0,0,0,0,0,0,0,0,0,0,0,0,0,0,0,0,0,0,0,0,0,0,0,0,0,0,0,0,0,0,0,0,0,0,0,0,0,0,0
01-09-07,0,0,0,0,0,0,0,0,0,0,0,0,0,0,0,0,0,0,0,0,1,0,0,0,0,0,0,0,0,0,0,0,0,1,0,0,0,0,0,0,0,0,0,0,0,0,0,0,0,0,0
01-10-07,0,0,0,0,0,0,0,0,1,0,0,0,0,0,0,0,0,0,0,0,0,0,0,0,0,0,0,0,0,1,0,0,1,0,0,0,0,0,0,0,0,0,0,0,0,0,0,0,0,0,0
01-11-07,0,0,0,0,0,0,0,0,0,0,0,0,0,0,0,0,0,0,0,0,0,0,0,0,0,0,0,0,0,0,0,0,0,0,0,0,0,0,0,1,0,1,0,0,0,0,0,0,0,0,1
01-12-07,0,0,0,0,0,0,0,1,0,0,0,0,0,0,1,1,0,0,0,0,0,0,0,1,0,0,1,0,1,0,0,0,0,0,0,0,0,1,0,0,0,0,0,1,0,0,0,0,0,0,0
01-01-08,0,0,1,0,0,0,0,0,0,0,0,0,0,0,0,0,1,0,0,0,0,0,1,0,0,0,0,0,0,0,0,0,0,0,1,0,0,0,0,0,1,0,0,0,0,0,1,1,1,1,0
01-02-08,1,0,0,0,0,0,1,0,0,0,1,0,1,0,0,0,0,0,0,0,0,0,0,0,0,1,0,0,0,0,0,0,0,0,0,1,0,0,0,0,0,0,0,0,1,1,0,0,0,0,0
01-03-08,0,0,0,0,0,0,0,0,0,0,0,0,0,0,0,0,0,0,0,0,0,0,0,0,1,0,0,0,0,0,0,0,0,0,0,0,1,0,0,0,0,0,0,0,0,0,0,0,0,0,0
01-04-08,0,1,0,0,0,1,0,0,0,1,0,0,0,0,0,0,0,0,0,1,0,0,0,0,0,0,0,0,0,0,0,1,0,0,0,0,0,0,0,0,0,0,1,0,0,0,0,0,0,0,0
01-05-08,0,0,0,1,0,0,0,0,0,0,0,0,0,0,0,0,0,0,0,0,0,0,0,0,0,0,0,0,0,0,1,0,0,0,0,0,0,0,1,0,0,0,0,0,0,0,0,0,0,0,0
01-06-08,0,0,0,0,0,0,0,0,0,0,0,0,0,0,0,0,0,0,0,0,0,0,0,0,0,0,0,0,0,0,0,0,0,0,0,0,0,0,0,0,0,0,0,0,0,0,0,0,0,0,0
01-07-08,0,0,0,0,0,0,0,0,0,0,0,0,0,0,0,0,0,0,0,0,0,0,0,0,0,0,0,0,0,0,0,0,0,0,0,0,0,0,0,0,0,0,0,0,0,0,0,0,0,0,0
01-08-08,0,0,0,0,0,0,0,0,0,0,0,0,0,0,0,0,0,0,0,0,0,0,0,0,0,0,0,0,0,0,0,0,0,0,0,0,0,0,0,0,0,0,0,0,0,0,0,0,0,0,0
01-09-08,0,0,0,0,0,0,0,0,0,0,0,0,0,0,0,0,0,0,0,0,0,0,0,0,0,0,0,0,0,0,0,0,0,0,0,0,0,0,0,0,0,0,0,0,0,0,0,0,0,0,0
01-10-08,0,0,0,0,0,0,0,0,0,0,0,0,0,0,0,0,0,0,0,0,0,0,0,0,0,0,0,0,0,0,0,0,0,0,0,0,0,0,0,0,0,0,0,0,0,0,0,0,0,0,0
01-11-08,0,0,0,0,0,0,0,0,0,0,0,0,0,0,0,0,0,0,0,0,0,0,0,0,0,0,0,0,0,0,0,0,0,0,0,0,0,0,0,0,0,0,0,0,0,0,0,0,0,0,0
01-12-08,0,0,0,0,0,0,0,0,0,0,0,0,0,0,0,0,0,0,0,0,0,0,0,0,0,0,0,0,0,0,0,0,0,0,0,0,0,0,0,0,0,0,0,0,0,0,0,0,0,0,0
01-01-09,0,0,0,0,0,0,0,0,0,0,0,0,0,0,0,0,0,0,0,0,0,0,0,0,0,0,0,0,0,0,0,0,0,0,0,0,0,0,0,0,0,0,0,0,0,0,0,0,0,0,0
01-02-09,0,0,0,0,0,0,0,-1,0,0,0,0,0,0,0,0,0,0,0,0,0,0,0,0,0,0,0,0,0,0,0,0,0,-1,0,0,0,0,0,0,0,0,0,0,0,0,0,0,0,0,0
01-03-09,0,0,0,0,0,0,0,0,0,0,0,0,0,0,0,0,0,0,0,0,-1,0,0,0,0,0,-1,0,0,0,0,0,0,0,0,0,0,0,0,0,-1,0,0,-1,0,0,0,0,0,0,0
01-04-09,0,0,-1,-1,0,-1,0,0,0,0,0,0,0,0,0,0,0,0,0,0,0,0,0,0,0,-1,0,0,0,0,0,0,0,0,0,-1,0,0,0,0,0,0,0,0,0,0,0,0,-1,0,0
01-05-09,0,0,0,0,0,0,0,0,0,0,0,0,0,0,0,0,0,0,0,-1,0,0,0,-1,-1,0,0,-1,0,0,-1,0,0,0,0,0,0,-1,0,0,0,-1,0,0,0,0,-1,-1,0,-1,-1
01-06-09,0,0,0,0,0,0,0,0,0,0,-1,0,0,0,-1,-1,-1,0,-1,0,0,0,0,0,0,0,0,0,0,0,0,-1,0,0,0,0,0,0,0,0,0,0,0,0,-1,-1,0,0,0,0,0
01-07-09,0,-1,0,0,-1,0,0,0,0,-1,0,-1,-1,0,0,0,0,0,0,0,0,0,0,0,0,0,0,0,0,0,0,0,0,0,-1,0,-1,0,-1,-1,0,0,0,0,0,0,0,0,0,0,0
01-08-09,0,0,0,0,0,0,-1,0,0,0,0,0,0,0,0,0,0,0,0,0,0,0,0,0,0,0,0,0,0,0,0,0,0,0,0,0,0,0,0,0,0,0,0,0,0,0,0,0,0,0,0
01-09-09,0,0,0,0,0,0,0,0,0,0,0,0,0,-1,0,0,0,1,0,0,0,0,0,0,0,0,0,0,0,0,0,0,0,0,0,0,0,0,0,0,0,0,-1,0,0,0,0,0,0,0,0
01-10-09,0,0,0,0,0,0,0,0,0,0,0,0,0,0,0,0,0,0,0,0,0,-1,0,0,0,0,0,0,-1,0,0,0,0,0,0,0,0,0,0,0,0,0,0,0,0,0,0,0,0,0,0
01-11-09,0,0,0,0,0,0,0,0,0,0,0,0,0,0,0,0,0,0,0,0,0,0,0,0,0,0,0,0,0,0,0,0,0,0,0,0,0,0,0,0,0,0,0,0,0,0,0,0,0,0,0
01-12-09,0,0,0,0,0,0,0,0,-1,0,0,0,0,0,0,0,0,0,0,0,0,0,0,0,0,0,0,0,0,0,0,0,0,0,0,0,0,0,0,0,0,0,0,0,0,0,0,0,0,0,0
01-01-10,0,0,0,0,0,0,0,0,0,0,0,0,0,0,0,0,0,0,0,0,0,0,0,0,0,0,0,0,0,0,0,0,0,0,0,0,0,0,0,0,0,0,0,0,0,0,0,0,0,0,0
01-02-10,0,0,0,0,0,0,0,0,0,0,0,0,0,0,0,0,0,0,0,0,0,0,0,0,0,0,0,0,0,0,0,0,0,0,0,0,0,0,0,0,0,0,0,0,0,0,0,0,0,0,0
01-03-10,0,0,0,0,0,0,0,0,0,0,0,0,0,0,0,0,0,0,0,0,0,0,0,0,0,0,0,0,0,0,0,0,0,1,0,0,0,0,0,0,0,0,0,0,0,0,0,0,0,0,0
01-04-10,0,0,0,0,0,0,0,0,0,0,0,0,0,0,0,0,0,0,0,0,0,0,-1,0,0,0,0,0,0,0,0,0,0,0,0,0,0,0,0,0,0,0,0,0,0,0,0,0,0,0,0
01-05-10,0,0,0,0,0,0,0,0,0,0,0,0,0,0,0,0,0,0,0,0,0,0,0,0,0,0,0,0,0,0,0,0,0,0,0,0,0,0,0,0,0,0,0,0,0,0,0,0,0,0,0
01-06-10,0,0,0,0,0,0,0,0,0,0,0,0,0,0,0,0,0,0,0,0,0,0,0,0,0,0,0,0,0,-1,0,0,0,0,0,0,0,0,0,0,0,0,0,0,0,0,0,0,0,0,0
01-07-10,0,0,0,0,0,0,0,0,0,0,0,0,0,0,0,0,0,0,0,0,0,0,0,0,0,0,0,0,0,0,0,0,0,0,0,0,0,0,0,0,0,0,0,0,0,0,0,0,0,0,0
01-08-10,0,0,0,0,0,0,0,0,0,0,0,0,0,0,0,0,0,0,0,0,0,0,0,0,0,0,0,0,0,0,0,0,-1,0,0,0,0,0,0,0,0,0,0,0,0,0,0,0,0,0,0
01-09-10,0,0,0,0,0,0,0,0,0,0,0,0,0,0,0,0,0,0,0,0,0,0,0,0,0,1,0,0,0,0,0,0,0,0,0,0,0,0,0,0,0,0,0,0,0,0,0,0,0,0,0
01-10-10,0,0,0,0,0,0,0,0,0,0,0,0,0,0,0,0,0,0,0,0,0,0,0,0,0,0,0,0,0,0,0,0,0,0,0,1,0,0,0,0,0,0,0,0,0,0,0,0,0,0,0
01-11-10,0,0,0,0,0,0,0,0,0,0,0,0,0,0,0,0,0,0,0,0,0,0,0,0,0,0,0,0,0,0,0,0,0,0,0,0,0,0,0,0,0,0,0,0,0,0,0,0,0,0,0
01-12-10,0,0,0,0,0,0,0,0,0,0,0,0,0,0,0,0,0,0,0,0,1,0,0,0,0,0,1,0,0,0,0,0,0,0,0,0,0,0,0,0,0,0,0,0,0,0,0,0,0,0,0
01-01-11,0,0,0,0,0,0,0,0,0,0,0,0,0,0,0,0,0,0,0,0,0,0,0,0,0,0,0,0,0,0,0,0,0,0,0,0,0,0,0,0,0,0,0,0,0,0,0,0,0,0,0
01-02-11,-1,0,0,0,0,1,0,0,0,0,0,0,0,0,0,0,0,0,0,0,0,0,0,0,0,0,0,1,0,0,0,0,0,0,0,0,0,0,0,0,0,0,0,0,0,0,0,0,0,0,0
01-03-11,0,0,0,0,0,0,0,0,0,0,0,0,1,0,0,0,0,0,0,0,0,0,0,0,0,0,0,0,0,0,0,0,0,0,0,0,0,0,0,0,0,0,0,0,0,0,0,0,0,0,0
01-04-11,0,0,0,1,0,0,0,0,0,0,0,1,0,0,0,0,0,0,0,0,0,1,0,0,0,0,0,0,0,0,0,1,0,0,0,0,0,0,1,0,0,0,0,0,0,0,0,0,0,0,0
01-05-11,0,0,0,0,0,0,0,0,0,1,0,0,0,0,0,0,0,0,0,0,0,0,0,0,1,0,0,0,0,0,0,0,0,0,0,0,0,0,0,0,0,0,0,0,1,0,0,0,0,0,0
01-06-11,0,0,0,0,0,0,0,0,0,0,0,0,0,0,0,0,0,0,0,0,0,0,0,0,0,0,0,0,0,0,0,0,0,0,0,0,0,0,0,1,0,0,0,0,0,1,0,0,0,0,0
01-07-11,0,0,0,0,0,0,0,0,0,0,1,0,0,0,0,0,0,0,0,0,0,0,0,0,0,0,0,0,0,0,0,0,0,0,0,0,0,0,0,0,0,0,0,0,0,0,0,1,0,0,0
01-08-11,0,0,1,0,0,0,0,1,0,0,0,0,0,0,0,0,0,0,0,0,0,0,0,0,0,0,0,0,0,0,0,0,0,0,0,0,0,0,0,0,0,0,0,1,0,0,0,0,0,0,0
01-09-11,0,0,0,0,0,0,0,0,0,0,0,0,0,0,1,1,0,0,0,0,0,0,0,1,0,0,0,0,0,0,0,0,0,0,1,0,0,0,0,0,1,0,0,0,0,0,0,0,0,0,0
01-10-11,0,0,0,0,0,0,0,0,1,0,0,0,0,0,0,0,0,0,1,0,0,0,0,0,0,0,0,0,0,0,0,0,0,0,0,0,0,0,0,0,0,0,0,0,0,0,0,0,1,0,0
01-11-11,0,0,0,0,1,0,0,0,0,0,0,0,0,0,0,0,0,0,0,0,0,0,0,0,0,0,0,0,0,0,0,0,0,0,0,0,0,0,0,0,0,0,0,0,0,0,0,0,0,0,0
01-12-11,0,0,0,0,0,0,0,0,0,0,0,0,0,0,0,0,0,0,0,0,0,0,0,0,0,0,0,0,0,0,0,0,0,0,0,0,0,0,0,0,0,0,0,0,0,0,0,0,0,1,0
01-01-12,0,1,0,0,0,0,0,0,0,0,0,0,0,0,0,0,0,0,0,0,0,0,0,0,0,0,0,0,0,0,0,0,0,0,0,0,0,1,0,0,0,0,0,0,0,0,0,0,0,0,0
01-02-12,0,0,0,-1,0,0,0,0,0,0,0,0,0,0,0,0,0,0,0,0,0,0,0,0,0,0,0,0,0,0,0,0,0,0,0,0,0,0,0,0,0,0,0,0,0,0,1,0,0,0,0
01-03-12,0,0,0,0,0,0,0,0,0,0,0,0,0,0,0,0,0,0,0,0,0,0,0,0,0,0,0,0,0,0,0,0,1,0,0,0,0,0,0,0,0,0,0,0,0,0,0,0,0,0,0
01-04-12,0,0,0,0,0,0,0,0,0,0,0,0,0,0,0,0,0,0,0,0,0,0,0,0,0,0,0,0,0,0,0,0,0,0,0,0,0,0,0,0,0,1,0,0,0,0,0,0,0,0,1
01-05-12,1,0,0,0,0,0,0,0,0,0,0,0,0,0,0,0,0,0,0,0,0,0,0,0,0,0,0,0,0,0,0,0,0,0,0,0,0,0,0,0,0,0,0,0,0,0,0,0,0,0,0
01-06-12,0,0,0,0,0,0,0,0,0,0,0,0,0,0,0,0,0,-1,0,0,0,0,0,0,0,0,0,0,0,0,0,0,0,0,0,0,0,0,0,0,-1,0,0,0,0,0,0,0,0,0,0
01-07-12,0,0,0,0,0,0,0,0,0,0,0,0,0,0,0,0,0,0,0,0,0,0,0,0,0,0,0,0,0,0,0,0,0,0,0,0,0,0,0,0,0,0,0,0,0,0,0,0,0,0,0
01-08-12,0,0,0,0,0,0,0,0,0,0,0,0,0,0,0,0,0,0,0,0,0,0,0,0,0,0,0,0,0,0,0,0,0,0,0,0,0,0,0,0,0,0,0,0,0,0,0,0,0,0,0
01-09-12,0,0,0,0,0,0,0,0,0,0,0,0,0,0,0,0,0,0,0,0,0,0,0,0,0,0,0,0,0,0,1,0,0,0,0,0,0,0,0,0,0,0,0,0,0,0,0,0,0,0,0
01-10-12,0,0,0,0,0,0,0,0,-1,0,0,0,0,0,0,0,0,0,0,0,0,0,0,-1,0,-1,0,-1,0,0,0,0,0,0,0,0,0,0,0,0,0,0,0,0,0,0,0,0,0,0,0
01-11-12,0,0,0,0,-1,0,0,0,0,0,0,0,0,1,0,0,0,0,0,0,0,0,0,0,0,0,0,0,0,0,0,0,0,0,0,0,0,0,0,0,0,0,0,0,0,0,0,0,0,0,0
01-12-12,0,0,0,0,0,0,0,0,0,0,0,0,0,0,0,0,0,0,-1,0,0,0,0,0,0,0,-1,0,0,0,0,0,-1,0,0,-1,0,0,0,0,0,0,0,0,0,0,-1,0,-1,0,0
01-01-13,0,0,0,0,0,-1,0,0,0,0,0,0,0,0,0,0,0,0,0,1,0,0,0,0,0,0,0,0,0,0,0,0,0,0,0,0,0,0,0,0,0,0,0,0,0,0,0,0,0,-1,0
01-02-13,0,0,0,0,0,0,0,0,0,0,0,0,0,0,0,-1,0,0,0,0,0,0,0,0,0,0,0,0,0,0,0,0,0,0,0,0,0,0,-1,0,0,0,0,0,0,-1,0,-1,0,0,0
01-03-13,0,0,0,0,0,0,0,0,0,0,0,0,0,0,0,0,0,0,0,0,0,0,0,0,0,0,0,0,0,0,0,0,0,0,0,0,0,0,0,0,0,0,0,0,-1,0,0,0,0,0,0
01-04-13,0,0,-1,0,0,0,0,0,0,0,0,0,0,0,0,0,0,0,0,0,0,0,0,0,-1,0,0,0,0,0,0,-1,0,0,0,0,0,0,0,0,0,0,0,0,0,0,0,0,0,0,0
01-05-13,0,0,0,0,0,0,0,0,0,0,0,0,0,0,0,0,0,0,0,0,0,0,0,0,0,0,0,0,0,0,0,0,0,0,0,0,0,0,0,0,0,0,0,0,0,0,0,0,0,0,0
01-06-13,0,0,0,0,0,0,0,0,0,0,0,0,0,0,0,0,0,0,0,0,0,0,0,0,0,0,0,0,0,0,0,0,0,0,0,0,0,0,0,0,0,0,0,0,0,0,0,0,0,0,0
01-07-13,0,0,0,0,0,0,1,0,0,0,0,0,0,0,0,0,0,0,0,0,0,0,0,0,0,0,0,0,0,0,0,0,0,0,0,0,0,0,0,0,0,0,0,0,0,0,0,0,0,0,0
01-08-13,0,0,0,0,0,0,0,0,0,0,0,0,-1,0,0,0,0,0,0,0,-1,0,0,0,0,0,0,0,0,0,0,0,0,0,0,0,0,0,0,-1,0,0,0,0,0,0,0,0,0,0,0
01-09-13,0,0,0,0,0,0,0,0,0,0,0,0,0,0,0,0,0,0,0,0,0,-1,1,0,0,0,0,0,0,0,-1,0,0,0,0,0,0,0,0,0,0,0,0,0,0,0,0,0,0,0,0
01-10-13,0,0,0,0,0,0,0,0,0,0,0,0,0,0,0,0,0,0,0,0,0,0,0,0,0,1,0,0,0,1,0,0,0,-1,0,0,0,-1,0,0,0,0,0,0,0,0,0,0,0,0,0
01-11-13,0,0,0,0,0,0,0,0,0,0,0,0,0,0,0,1,0,0,0,0,0,0,0,0,0,0,0,0,0,0,0,0,0,0,-1,0,0,0,0,0,0,0,0,0,0,0,0,0,1,0,0
01-12-13,0,0,0,0,0,0,0,0,0,0,0,0,0,0,0,0,0,0,0,0,0,0,0,0,0,0,0,0,0,0,0,0,0,0,0,0,0,0,0,0,0,0,0,0,0,0,0,0,0,0,0
01-01-14,0,0,0,1,0,0,0,0,0,0,0,0,0,0,0,0,0,0,0,0,0,0,0,0,0,0,0,0,0,0,0,0,0,0,0,0,0,0,0,0,0,0,0,0,0,0,0,0,0,0,0
01-02-14,0,0,0,0,0,0,0,0,1,0,0,0,0,0,0,0,0,0,0,0,0,0,0,0,0,0,0,0,0,0,0,0,0,0,0,0,0,0,0,0,0,-1,0,0,0,0,0,0,0,0,-1
01-03-14,0,0,0,0,0,0,0,0,0,-1,0,0,0,0,0,0,0,0,0,0,0,0,0,0,0,0,1,0,1,0,0,0,0,0,0,0,1,0,0,0,0,0,0,0,0,0,0,0,0,0,0
01-04-14,0,0,0,0,0,0,0,0,0,0,0,-1,0,0,0,0,0,0,0,0,0,0,0,0,0,0,0,0,0,0,0,0,0,0,0,0,0,0,0,0,0,0,0,0,0,0,0,0,0,0,0
01-05-14,0,0,0,0,0,0,0,0,0,0,0,0,0,0,0,0,0,0,0,0,0,0,0,0,0,0,0,0,0,0,0,0,0,0,0,0,0,0,0,0,0,0,0,0,0,0,0,0,0,0,0
01-06-14,0,0,0,0,0,0,0,0,0,0,0,0,0,0,0,0,0,0,0,0,0,0,0,0,0,0,0,0,0,0,0,0,0,0,0,0,0,0,0,0,0,0,0,0,0,0,0,0,0,0,0
01-07-14,0,0,0,0,0,0,0,0,0,0,0,0,0,0,0,0,0,0,0,0,0,0,0,0,0,0,0,0,0,0,0,0,0,0,0,0,0,0,0,0,0,0,0,0,0,0,0,0,0,0,0
01-08-14,0,0,0,0,0,1,0,0,0,0,0,0,0,0,0,0,0,0,0,0,0,0,0,0,0,0,0,0,0,0,0,0,0,0,0,0,0,0,0,0,0,0,0,0,0,0,0,0,0,0,0
01-09-14,0,0,0,0,1,0,0,0,0,0,0,0,0,0,0,0,0,0,0,0,0,0,0,0,0,0,0,0,0,0,0,0,0,0,0,0,0,0,0,0,0,0,0,0,0,0,0,0,0,0,0
01-10-14,0,0,0,0,0,0,0,0,0,0,0,0,0,0,0,0,0,0,0,0,0,0,0,0,0,0,0,0,0,0,0,0,0,0,0,0,0,0,0,0,0,0,0,0,0,0,0,0,0,0,0
01-11-14,0,0,0,0,0,0,0,0,0,0,0,0,0,0,0,0,0,0,0,0,0,0,0,1,0,0,0,0,0,0,0,0,0,0,0,0,0,0,0,0,0,0,0,0,0,0,0,0,0,0,0
01-12-14,0,0,0,0,0,0,0,0,0,0,0,0,0,0,0,0,0,0,0,0,0,0,-1,0,0,0,0,0,0,0,0,0,0,0,0,0,0,0,0,0,0,0,0,0,0,0,0,0,0,0,0
01-01-15,0,0,0,0,0,0,0,0,0,0,0,0,0,0,0,0,0,1,0,0,0,0,0,0,0,0,0,0,0,0,0,0,0,0,0,0,0,0,0,0,0,0,1,0,0,0,0,0,0,0,0
01-02-15,0,0,0,0,0,0,0,0,0,0,0,0,0,0,-1,0,0,0,0,0,0,0,0,0,0,0,0,0,0,0,0,0,0,0,0,0,0,0,0,0,0,0,0,0,0,0,0,0,0,0,0
01-03-15,0,0,0,0,0,0,0,0,0,0,0,0,0,0,0,0,0,0,1,0,0,0,0,0,0,0,-1,0,0,0,0,0,0,0,0,0,0,0,0,0,0,1,0,0,0,0,1,0,0,0,1
01-04-15,0,0,0,0,0,0,0,0,0,0,0,0,0,0,0,0,0,0,0,0,0,0,0,0,0,0,0,0,0,0,0,0,0,0,0,0,0,0,0,0,0,0,0,0,0,0,0,0,0,0,0
01-05-15,-1,0,0,0,0,0,0,0,0,0,-1,0,0,0,0,0,0,0,0,0,0,1,0,0,0,0,0,0,0,0,0,0,0,0,0,0,0,0,0,0,0,0,0,0,0,0,0,0,0,1,0
01-06-15,0,0,1,0,0,0,0,0,0,0,0,0,0,0,0,0,0,0,0,0,0,0,0,0,0,0,0,0,0,0,0,0,0,0,0,0,0,0,0,0,0,0,0,0,0,0,0,0,0,0,0
01-07-15,0,-1,0,0,0,0,0,0,0,0,0,0,0,0,0,0,0,0,0,0,0,0,0,0,0,0,0,0,0,0,0,0,1,0,0,0,0,0,0,0,1,0,0,0,0,0,0,0,0,0,0
01-08-15,0,0,0,0,0,0,0,0,0,1,0,0,0,0,0,0,1,0,0,0,0,0,0,0,0,0,0,0,0,0,0,0,0,0,0,0,0,0,0,0,0,0,0,0,0,0,0,0,0,0,0
01-09-15,0,0,0,0,0,0,0,0,0,0,0,0,0,0,0,0,0,0,0,-1,0,0,0,0,0,0,0,0,0,0,0,0,0,0,0,0,0,1,0,0,0,0,0,0,0,0,0,1,0,0,0
01-10-15,0,0,0,0,0,0,0,0,0,0,0,0,0,0,0,0,0,0,0,0,0,0,0,0,0,0,0,0,0,0,0,0,0,0,0,0,0,0,0,1,0,0,0,0,0,0,0,0,0,0,0
01-11-15,0,0,0,0,0,0,0,0,0,0,0,0,0,0,0,0,0,0,0,0,0,0,0,-1,0,0,0,0,0,0,0,0,0,0,0,0,0,0,0,0,0,0,0,0,0,0,0,0,0,0,0
01-12-15,0,0,0,0,0,0,0,0,0,0,0,0,0,0,0,0,0,0,0,0,0,0,0,0,0,0,0,0,0,0,0,0,0,0,0,0,0,0,0,0,0,0,0,0,0,0,0,0,0,0,0
01-01-16,0,0,0,0,0,0,0,0,0,0,0,0,0,0,0,0,0,0,0,0,0,0,0,0,0,0,0,0,0,0,0,0,0,0,0,0,0,0,0,0,0,0,0,0,0,0,0,0,0,0,0
01-02-16,0,0,0,0,0,0,0,0,0,0,0,0,0,0,0,0,0,0,0,0,0,0,0,0,0,0,0,0,0,0,0,0,0,0,0,0,0,0,0,0,0,0,0,0,0,0,0,0,0,0,0
01-03-16,0,0,0,0,0,0,0,0,0,0,0,0,0,0,0,0,0,0,0,0,0,0,0,0,0,0,0,0,0,0,0,0,0,0,0,0,0,0,0,0,0,0,0,0,0,0,0,0,0,0,0
01-04-16,0,0,0,0,0,0,0,0,0,0,0,0,0,0,0,0,0,0,0,0,0,0,0,0,0,0,0,0,0,0,0,0,0,0,0,0,0,0,0,0,0,0,0,0,0,0,0,0,0,0,0
01-05-16,0,0,0,0,0,0,0,0,0,0,0,0,0,0,0,0,0,-1,0,0,0,0,0,0,0,0,0,0,-1,0,0,0,0,0,0,0,0,0,0,0,0,0,0,0,0,0,0,0,0,0,0
01-06-16,0,0,0,0,-1,0,0,0,0,0,0,0,0,0,0,0,0,0,0,0,0,0,0,0,0,0,0,0,0,0,0,0,0,0,0,0,-1,0,0,0,0,0,0,0,0,0,0,0,0,0,0
01-07-16,0,0,-1,0,0,0,0,0,0,0,0,0,0,-1,0,0,0,0,0,0,0,-1,0,0,0,0,0,0,0,0,0,0,0,0,0,0,0,0,0,0,0,0,0,0,0,0,0,-1,-1,0,0
01-08-16,0,0,0,-1,0,0,0,0,0,-1,0,0,0,0,0,-1,0,0,0,0,0,0,0,0,0,-1,0,0,0,-1,0,0,-1,0,0,0,0,0,0,0,-1,0,0,-1,0,0,0,0,0,-1,0
01-09-16,0,0,0,0,0,0,0,0,0,0,0,0,0,0,0,0,0,0,0,0,0,0,0,0,0,0,0,1,0,0,0,0,0,0,0,0,0,0,0,-1,0,0,0,0,0,0,-1,0,0,0,0
01-10-16,0,0,0,0,0,0,0,0,0,0,0,0,0,0,0,0,0,0,-1,0,0,0,0,0,0,0,0,0,0,0,0,0,0,0,0,0,0,0,0,0,0,0,0,0,0,0,0,0,0,0,0
01-11-16,0,0,0,0,0,0,0,0,0,0,0,0,0,0,0,0,0,0,0,0,0,0,0,0,0,0,0,0,0,0,0,0,0,0,0,0,0,-1,0,0,0,0,0,0,0,0,0,0,0,0,0
01-12-16,0,0,0,0,0,0,0,0,0,0,0,0,0,0,0,0,0,0,0,0,0,0,0,0,0,0,0,0,0,0,0,0,0,0,0,0,0,0,0,0,0,0,0,0,0,0,0,0,0,0,0
01-01-17,0,0,0,0,0,0,0,0,0,0,0,0,0,0,0,0,0,0,0,0,0,0,0,0,0,0,0,0,0,0,0,0,0,0,0,0,0,0,0,0,0,0,0,0,0,0,0,0,0,0,0
01-02-17,0,0,0,0,0,0,0,0,0,0,0,0,0,0,0,0,0,0,0,0,0,0,0,0,0,0,0,0,0,0,0,0,0,0,0,0,0,0,0,0,0,0,0,0,0,0,0,0,0,0,0
01-03-17,0,0,0,0,0,0,-1,0,0,0,0,0,0,0,0,0,0,0,0,0,0,0,0,0,0,0,0,0,0,0,0,0,0,0,0,0,0,0,0,0,0,0,0,0,0,0,0,0,0,0,0
01-04-17,0,0,0,0,0,0,0,0,0,0,0,0,0,0,0,0,0,0,0,0,0,0,0,0,0,0,0,0,0,0,0,0,0,0,0,0,0,0,0,0,0,-1,0,0,0,0,0,0,0,0,-1
01-05-17,0,0,0,0,0,-1,0,0,0,0,0,0,0,0,0,0,0,0,0,0,0,0,0,0,0,0,0,0,0,0,0,0,0,0,0,0,0,0,0,0,0,0,0,0,0,0,0,0,0,0,0
01-06-17,0,0,0,0,0,0,0,0,0,0,0,0,0,0,0,0,0,0,0,0,0,0,0,0,0,0,0,0,0,0,0,0,0,0,0,0,0,0,0,0,0,0,0,0,0,0,0,0,0,0,0
01-07-17,0,0,0,0,0,0,0,0,0,0,0,0,0,0,0,0,0,0,0,0,0,0,0,0,0,0,0,0,0,0,0,0,1,0,0,0,0,0,0,0,0,0,0,0,0,0,0,0,0,0,0
01-08-17,0,0,0,0,0,0,0,0,0,1,0,0,0,0,0,0,0,0,0,0,0,0,0,0,0,0,0,0,0,0,0,0,0,0,0,0,0,0,0,0,0,0,0,0,0,0,0,0,0,0,0
01-09-17,0,0,0,0,0,0,0,0,0,0,0,0,1,0,0,0,0,0,0,0,0,0,0,0,0,0,0,0,0,0,0,0,0,0,0,0,0,0,0,0,0,0,0,0,0,0,0,0,0,0,0
01-10-17,0,0,0,0,0,0,0,0,-1,0,1,0,0,0,0,0,0,0,0,0,0,0,0,0,0,0,0,0,0,0,0,0,0,1,0,0,0,0,0,0,0,0,0,0,0,1,0,0,0,0,0
01-11-17,0,0,0,0,0,0,0,0,0,0,0,0,0,0,1,0,0,0,0,0,0,0,0,0,1,0,0,0,0,0,0,0,0,0,0,0,0,0,0,0,0,0,0,0,1,0,0,0,0,0,0
01-12-17,0,0,0,0,0,0,0,0,0,0,0,0,0,0,0,0,0,0,0,0,0,0,0,0,0,1,0,0,0,0,0,1,0,0,0,0,0,0,0,0,0,0,0,0,0,0,0,1,0,0,0
01-01-18,0,0,0,0,0,0,0,0,0,0,0,0,0,0,0,0,0,0,0,0,0,0,0,1,0,0,0,0,0,0,0,0,0,0,0,0,0,0,0,0,0,0,0,0,0,0,0,0,0,0,0
01-02-18,0,0,0,0,0,0,0,0,0,0,0,0,0,0,0,0,0,0,0,0,0,1,0,0,0,0,0,0,0,0,0,0,0,0,0,0,0,0,0,0,1,0,0,1,0,0,1,0,0,0,0
01-03-18,0,0,0,0,0,0,0,0,0,0,0,0,0,0,0,0,0,0,0,0,0,0,0,0,0,0,0,0,0,0,0,0,0,0,0,0,0,0,0,0,0,0,0,0,0,0,0,0,1,1,0
01-04-18,0,0,0,0,0,0,0,0,0,0,0,0,0,0,0,0,0,0,0,0,0,0,0,0,0,0,0,0,0,0,1,0,0,0,0,1,0,0,0,0,0,0,0,0,0,0,0,0,0,0,0
01-05-18,0,0,0,0,0,1,0,0,0,0,0,0,0,0,0,0,0,0,0,0,1,0,0,0,0,0,0,0,0,0,0,0,0,0,0,0,0,0,0,0,0,1,0,0,0,0,0,0,0,0,1
01-06-18,0,0,0,0,0,0,0,0,0,0,0,0,0,0,0,0,0,0,0,0,0,0,0,0,0,0,0,0,0,0,0,0,0,0,0,0,0,0,0,0,0,0,0,0,0,0,0,0,0,0,0
01-07-18,0,0,0,0,1,0,0,0,0,0,0,0,0,0,0,0,0,0,0,0,0,0,0,0,0,0,0,0,0,0,0,0,0,0,0,0,0,0,0,0,0,0,0,0,0,0,0,0,0,0,0
01-08-18,0,0,0,0,0,0,0,0,0,0,0,0,0,0,0,0,0,0,0,0,0,0,0,0,0,0,0,0,0,0,0,0,0,0,0,0,0,1,0,0,0,0,0,0,0,0,0,0,0,0,0
01-09-18,0,0,0,0,0,0,0,0,0,0,0,0,0,0,0,0,0,0,0,0,0,0,0,0,0,0,0,0,0,1,0,0,0,0,0,0,0,0,0,0,0,0,0,0,0,0,0,0,0,0,0
01-10-18,0,0,0,0,0,0,0,0,0,0,0,0,0,0,0,0,0,0,0,0,0,0,0,0,0,0,0,0,0,0,0,0,0,0,0,0,0,0,1,0,0,0,0,0,0,0,0,0,0,0,0
01-11-18,0,0,0,0,0,0,0,0,0,0,0,0,0,0,0,0,0,0,0,0,0,0,0,0,0,0,0,0,0,0,0,0,0,0,0,0,0,0,0,0,0,0,0,0,0,0,0,0,0,0,0
01-12-18,0,0,0,0,0,0,0,0,0,0,0,0,0,0,0,0,0,0,0,0,0,0,1,0,0,0,0,-1,0,0,0,0,0,0,0,0,0,0,0,0,0,0,0,0,0,0,0,0,0,0,0
01-01-19,0,0,0,0,0,0,0,0,0,0,0,0,0,0,0,0,0,0,0,0,0,0,0,0,0,0,0,0,0,0,0,0,0,0,0,0,0,0,0,0,0,0,0,0,0,0,0,0,0,0,0
01-02-19,0,0,0,0,0,0,0,0,0,0,0,0,0,0,0,0,0,0,1,0,0,0,0,0,0,0,0,0,0,0,0,0,0,0,0,0,0,0,0,1,0,0,0,0,0,0,0,0,0,0,0
01-03-19,0,0,0,0,0,0,0,0,0,0,0,0,0,0,0,0,0,0,0,0,0,0,0,0,0,0,0,0,0,0,0,0,0,0,0,0,0,0,0,0,0,0,0,0,0,0,0,0,0,0,0
01-04-19,0,1,0,0,0,0,0,0,0,0,0,0,0,1,0,1,0,1,0,1,0,0,0,0,0,0,0,0,0,0,0,0,0,0,1,0,0,0,0,0,0,0,0,0,0,0,0,0,0,0,0
01-05-19,0,0,0,0,0,0,1,0,0,0,0,0,0,0,0,0,0,0,0,0,0,0,0,0,0,0,0,0,1,0,0,0,0,0,0,0,0,0,0,0,0,0,0,0,0,0,0,0,0,0,0
01-06-19,0,0,0,0,0,0,0,0,0,0,0,0,0,0,0,0,0,0,0,0,0,0,0,0,0,0,0,0,0,0,0,0,0,0,0,0,1,0,0,0,0,0,0,0,0,0,0,0,0,0,0
01-07-19,0,0,0,0,0,0,0,0,0,0,0,1,0,0,0,0,0,0,0,0,0,0,0,0,0,0,0,0,0,0,0,0,0,0,0,0,0,0,0,0,0,0,0,0,0,0,0,0,0,0,0
01-08-19,0,0,0,0,0,0,0,0,0,0,0,0,0,0,0,0,0,0,0,0,0,0,0,0,0,0,0,0,0,0,0,0,0,0,0,0,0,0,0,0,0,0,0,0,0,0,0,0,0,0,0
01-09-19,0,0,0,0,0,0,0,0,0,0,0,0,0,0,0,0,0,0,0,0,0,0,0,0,0,0,1,0,0,0,0,0,0,0,0,0,0,0,0,0,0,0,0,0,0,0,0,0,0,0,0
01-10-19,1,0,0,0,0,0,0,0,0,0,0,0,0,0,0,0,0,0,0,0,0,0,0,0,0,0,0,0,0,0,0,0,0,0,0,0,0,0,0,0,0,0,0,0,0,0,0,0,0,0,0
01-11-19,0,0,0,0,0,0,0,0,0,0,0,0,0,0,0,0,0,0,0,0,0,0,0,0,0,0,0,0,0,0,0,0,0,,0,0,0,0,0,0,0,0,0,0,0,0,0,0,0,0,0
01-12-19,0,0,1,0,0,0,0,0,1,0,0,0,0,0,0,0,0,0,0,0,0,0,0,0,0,0,0,0,0,0,0,0,0,,0,0,0,0,0,0,0,0,0,0,0,0,0,0,0,0,0
01-01-20,0,0,0,0,0,0,0,0,0,0,0,0,0,0,0,0,0,0,0,0,0,0,0,0,0,0,0,0,0,0,0,0,0,,0,0,0,0,0,0,0,0,0,0,0,0,0,0,0,0,0
01-02-20,0,0,0,1,0,0,0,-1,0,0,0,0,0,0,0,0,0,0,0,0,0,0,0,0,0,0,0,,0,,0,0,0,,0,0,0,0,0,0,0,0,0,-1,0,0,0,0,0,0,0
01-03-20,0,0,0,0,0,0,0,0,0,0,0,0,0,0,0,0,0,0,0,0,0,0,0,0,0,0,0,,0,,0,0,0,,0,0,0,-1,-1,0,0,0,0,0,0,0,0,0,0,0,0
01-04-20,0,0,0,0,0,0,0,0,0,0,0,0,0,0,0,0,0,0,0,0,0,0,0,0,0,0,0,,0,,0,0,0,,0,0,0,0,0,0,0,0,0,0,0,0,0,0,0,0,0
01-05-20,-1,-1,-1,-1,-1,-1,-1,0,-1,-1,-1,-1,-1,-1,-1,-1,-1,-1,-1,-1,-1,-1,-1,-1,-1,-1,0,,,,-1,-1,-1,,-1,-1,0,0,0,-1,-1,-1,-1,0,-1,-1,-1,-1,-1,-1,-1
01-06-20,0,0,0,0,0,0,0,0,0,0,0,0,0,0,0,0,0,0,0,0,0,0,0,0,0,0,-1,,,,0,0,0,,0,0,0,0,0,0,0,0,0,0,0,0,0,0,0,0,0
01-07-20,0,0,0,0,0,0,0,0,0,0,0,0,0,0,0,0,0,0,0,0,0,0,0,0,0,0,0,,,,0,0,0,,0,0,0,0,0,0,0,0,0,0,0,0,0,0,0,0,0
01-08-20,0,0,0,0,0,0,0,0,0,0,0,0,0,0,0,0,0,0,0,0,0,0,0,0,0,0,0,,,,0,0,0,,0,0,0,0,0,0,0,0,0,0,0,0,0,0,0,0,0
01-09-20,0,0,0,0,0,0,0,0,0,0,0,0,0,0,0,0,0,0,0,0,0,0,0,0,0,0,0,,,,0,0,0,,0,0,0,0,0,0,0,0,0,0,0,0,0,0,0,0,0
01-10-20,0,0,0,0,0,0,0,0,0,0,0,0,0,0,0,0,0,0,0,0,0,0,0,0,0,0,0,,,,0,0,0,,0,0,0,0,0,0,0,0,0,0,0,0,0,0,0,0,0
01-11-20,0,0,0,0,0,0,0,0,0,0,0,0,0,0,0,0,0,0,0,0,0,0,0,0,0,0,0,,,,0,0,0,,0,0,0,0,0,0,0,0,0,0,0,0,0,0,0,0,0
01-12-20,0,0,0,0,0,0,0,0,0,0,0,0,0,0,0,0,0,0,0,0,0,0,0,0,0,0,0,,,,0,0,0,,0,0,0,0,0,0,0,0,0,0,0,0,0,0,0,0,0
01-01-21,0,0,0,0,0,0,0,0,0,0,0,0,0,0,0,0,0,0,0,0,0,0,0,0,0,0,0,,,,0,0,0,,0,0,0,0,0,0,0,0,0,0,0,0,0,0,0,0,0
01-02-21,0,0,0,0,0,0,0,0,0,0,0,0,0,0,0,0,0,0,0,0,0,0,0,0,0,0,0,,,,0,0,0,,0,0,0,0,0,0,0,0,0,0,0,0,0,0,0,0,0
01-03-21,0,0,0,0,0,0,0,0,0,0,0,0,0,0,0,0,0,,0,0,,,,0,0,,0,,,,0,0,0,,0,0,,0,0,0,0,0,0,0,0,0,0,0,0,0,0
01-04-21,0,0,0,0,0,0,0,0,0,0,0,0,0,,,0,0,,0,,,,,,0,,0,,,,0,0,0,,0,0,,0,0,0,,0,0,0,0,0,0,0,0,0,0
01-05-21,,0,0,,0,,,0,,0,0,,0,,,0,,,,,,,,,0,,0,,,,0,,,,,0,,,,0,,0,,0,0,0,0,,0,0,0
